date,spot,vol_21d,oos,sigma_xgb,price_xgb,sigma_vix_proxy,price_vix_proxy,price_BSM
2018-02-01,116.87000274658205,0.1051807944201032,0.0,0.3822437524795532,43.767130718917436,0.24896926879882814,36.31370656000284,32.935187765046194
2018-02-07,112.87000274658205,0.2469117496158784,0.0,0.38831740617752075,46.020250490311646,0.23860124588012696,38.83641335161684,39.12167385508569
2018-02-13,112.43000030517578,0.3008023756236143,0.0,0.36889874935150146,45.0939510122303,0.22896135330200196,38.833334372600206,41.59559483460633
2018-02-20,114.70999908447266,0.3114543400678646,0.0,0.32366278767585754,41.215708217412185,0.21628381729125976,36.49668835024963,40.56618932409941
2018-02-27,117.36000061035156,0.3194382278413643,0.0,0.286847859621048,37.63293807704238,0.20563098907470703,34.01758571763169,39.4565147765001
2018-03-05,115.05999755859376,0.330824438464428,0.0,0.28991156816482544,39.20540139243003,0.20657350540161132,35.86232938818857,41.362379179819186
2018-03-09,118.04000091552734,0.2646842932461448,0.0,0.26157841086387634,35.883852114011574,0.19704816818237306,33.17160794758189,36.03962000093637
2018-03-15,115.23999786376952,0.2009446017084119,0.0,0.2895481288433075,38.990805284946475,0.20238931655883788,35.499456746086864,35.45818350639401
2018-03-22,109.9499969482422,0.235635688102227,0.0,0.32874825596809387,44.38736137095712,0.2327430534362793,40.82171445936508,40.899542211660616
2018-03-28,108.0,0.2637952505539969,0.0,0.3282076418399811,45.6669444923094,0.22942108154296875,42.388348299643766,43.29532346055963
2018-04-04,110.98999786376952,0.2770811217812157,0.0,0.2522043287754059,40.56985059594096,0.2056026840209961,39.2918934403863,41.465364864233806
2018-04-10,112.51000213623048,0.2846142918816318,0.0,0.2548709511756897,39.44656001141223,0.21243722915649413,38.1047469524821,40.6404902545883
2018-04-17,110.20999908447266,0.3132755611630067,0.0,0.23836250603199005,40.65467116712868,0.1918187141418457,39.60024009940773,43.41726485306184
2018-04-23,110.93000030517578,0.2877367973620942,0.0,0.24603042006492615,40.2109746937909,0.20162744522094728,39.04265874382237,41.738022078304596
2018-04-27,109.4000015258789,0.2407916027220985,0.0,0.26244184374809265,42.020272155353965,0.18984094619750977,40.27743265527839,41.36591707815052
2018-05-04,108.43000030517578,0.2140861606124495,0.0,0.23135420680046082,41.9140496074147,0.18619436264038086,41.09081392930419,41.540515700046015
2018-05-10,114.29000091552734,0.1951838089664814,0.0,0.2161482870578766,36.52278466078758,0.17118026733398437,35.42216506800017,35.93535833143825
2018-05-16,113.33999633789062,0.1489261066367874,0.0,0.21799148619174957,37.32954006379586,0.16956846237182618,36.22911430043908,35.964388191798804
2018-05-22,113.01000213623048,0.143534164917728,0.0,0.2135787308216095,37.46334610062331,0.16912172317504884,36.509900286751474,36.2131783325224
2018-05-30,108.3499984741211,0.2282081360478902,0.0,0.23756645619869232,42.00007092110492,0.18349130630493163,40.989743661061325,41.77433233315318
2018-06-05,107.83999633789062,0.2317160137646725,0.0,0.2243809998035431,42.13186579511802,0.17272058486938477,41.35280098958361,42.2939797476821
2018-06-11,110.83000183105467,0.2235319256387511,0.0,0.2243809998035431,39.56916607545337,0.1721944046020508,38.547749059241625,39.546803508896815
2018-06-15,107.9000015258789,0.2292352641783263,0.0,0.22087980806827545,42.00634857296001,0.17209503173828125,41.29040525971281,42.185848223175086
2018-06-22,105.75,0.2238298207768231,0.0,0.22531238198280334,44.00659290100705,0.17988580703735352,43.40684601844829,43.97988100239053
2018-06-28,104.93000030517578,0.1637021330354678,0.0,0.2366846799850464,44.9469695710133,0.18864152908325196,44.259370667135684,44.083143830951045
2018-07-05,103.72000122070312,0.1614680246069458,0.0,0.22913222014904022,45.849000438859164,0.17865989685058595,45.286924001827984,45.198557417658705
2018-07-11,106.38999938964844,0.1767865623854993,0.0,0.21976473927497864,43.280586244414124,0.1737362289428711,42.6918778350353,42.717001722157704
2018-07-18,111.52999877929688,0.2186297212980356,0.0,0.20888854563236237,38.50442022148137,0.1717198371887207,37.809412686734944,38.74865978283371
2018-07-24,114.1500015258789,0.2250488095279832,0.0,0.20972979068756104,36.288435276123266,0.1715601348876953,35.38908796527524,36.76770732100978
2018-07-30,116.7300033569336,0.2068840411169928,0.0,0.22366060316562653,34.688244063070826,0.18030540466308595,33.28359660950744,34.07834000381662
2018-08-06,117.12000274658205,0.203888445121865,0.0,0.20936432480812073,33.84376706487683,0.17133113861083984,32.712722806970916,33.653242684325335
2018-08-10,115.7300033569336,0.1893944932880998,0.0,0.22293922305107117,35.4156556683546,0.1743308448791504,33.9959517786875,34.35922266965434
2018-08-16,114.7699966430664,0.1566542208243346,0.0,0.21962390840053558,36.02969627198243,0.17022041320800782,34.738368586658765,34.51370203413131
2018-08-22,114.97000122070312,0.1262841732232473,0.0,0.21494227647781372,35.69002601418133,0.1694985008239746,34.51804237186799,33.98353817266309
2018-08-29,115.76000213623048,0.1202287503448126,0.0,0.2140505611896515,34.978683829378795,0.16468288421630858,33.66428668585428,33.129436224784754
2018-09-05,114.58999633789062,0.1181015022737937,0.0,0.2175656408071518,36.01644117077282,0.17528879165649414,34.90097929356419,34.23346110699181
2018-09-11,114.43000030517578,0.1143981196517397,0.0,0.21416552364826202,36.02428567359013,0.16511240005493164,34.8446038405481,34.359359431734944
2018-09-17,113.83999633789062,0.0971078682608173,0.0,0.22058656811714172,36.69126704917909,0.17237333297729493,35.48947587329219,34.883428444996355
2018-09-24,116.72000122070312,0.1476682144214415,0.0,0.22049924731254578,34.35247142726661,0.16339765548706053,32.65921280161288,32.37851578239568
2018-09-28,112.83999633789062,0.1487657357879772,0.0,0.21454377472400665,37.29015998213511,0.16366342544555665,36.22314001815292,36.04917863054459
2018-10-04,115.2699966430664,0.1517370805428179,0.0,0.2188730239868164,35.41765352795322,0.1766791534423828,34.22079234920524,33.77248779609482
2018-10-11,108.12999725341795,0.2031015246775515,0.0,0.2673460841178894,42.605151808314744,0.22022958755493163,41.34188296928696,41.01460044367842
2018-10-17,109.83000183105467,0.2239097854687785,0.0,0.2602076828479767,40.98384549805084,0.19215850830078124,39.24128561392148,39.90968978672359
2018-10-23,105.25,0.197419324034667,0.0,0.28876128792762756,45.48292432407899,0.2077609443664551,43.618613028550584,43.48423861264878
2018-10-29,104.8499984741211,0.2222715485978779,0.0,0.2702105939388275,45.24679095555982,0.21814071655273437,44.1241571192639,44.19152346307669
2018-11-05,109.08999633789062,0.2440978704969795,0.0,0.2547331154346466,41.32617253801675,0.19839653015136718,39.94577506768228,41.0062689104701
2018-11-09,111.29000091552734,0.2111013222720925,0.0,0.23896674811840057,39.06827462179861,0.19357698440551757,37.89264084695809,38.28155663585528
2018-11-15,110.06999969482422,0.2356112910506085,0.0,0.2532924711704254,40.48859757170021,0.1979219627380371,39.046785235156506,39.94467982055704
2018-11-21,107.63999938964844,0.2352070050493262,0.0,0.257341206073761,42.50934282842506,0.20408151626586915,41.27890569145954,41.91622037254747
2018-11-29,110.05999755859376,0.2238124725573343,0.0,0.24302774667739868,40.1717932897532,0.19341249465942384,38.97313711310349,39.63277938170816
2018-12-06,105.19000244140624,0.2765320517640652,0.0,0.2595948278903961,44.591932739414034,0.21202877044677734,43.62391352698454,45.05578361882458
2018-12-12,101.0199966430664,0.2758951350306598,0.0,0.2560936510562897,48.07581623361321,0.21523836135864258,47.479547791361554,48.48144111518195
2018-12-18,98.54000091552734,0.2408911961722258,0.0,0.27100446820259094,50.59171697366155,0.24350399017333985,50.16523744544216,50.1317352573827
2018-12-26,95.95999908447266,0.2953171445115601,0.0,0.27719107270240784,52.92050738642594,0.26355949401855466,52.71921052412952,53.236316147470006
2019-01-02,99.30999755859376,0.2895184205123481,0.0,0.2573160231113434,49.629948263968444,0.22870206832885742,49.232532874747875,50.25758060533866
2019-01-08,100.56999969482422,0.2801556948345982,0.0,0.25115594267845154,48.34594649938667,0.2067757797241211,47.77619090676443,48.92060747238523
2019-01-15,101.68000030517578,0.2675486877168245,0.0,0.2396441549062729,47.17443354809377,0.1954179573059082,46.645792925223915,47.704621380078095
2019-01-22,102.94000244140624,0.2681211562881119,0.0,0.24130156636238098,46.10564282971414,0.20237113952636718,45.55063228966186,46.669573363306284
2019-01-28,103.87999725341795,0.189632401906416,0.0,0.23638351261615753,45.19591124037137,0.19856185913085939,44.64589407137207,44.558558652650945
2019-02-01,103.87999725341795,0.1834059975255575,0.0,0.22222177684307098,44.982560226070845,0.17493804931640625,44.47561586843173,44.5351782915331
2019-02-08,101.36000061035156,0.1254598734289582,0.0,0.21929813921451569,47.209461576135666,0.18027870178222657,46.88086725886221,46.75207265819547
2019-02-14,102.41999816894533,0.1348431345104914,0.0,0.22800526022911072,46.35283691288468,0.18034975051879884,45.863951012166225,45.718970910151796
2019-02-21,105.47000122070312,0.1493627569718033,0.0,0.2129298746585846,43.32798985739586,0.1669293785095215,42.83086403866618,42.74507575776998
2019-02-27,105.16000366210938,0.155191206893289,0.0,0.21825742721557617,43.6936892321291,0.16751619338989257,43.13149940033924,43.06803701819341
2019-03-06,103.72000122070312,0.1539223216062971,0.0,0.2207144945859909,45.0072572966278,0.17850801467895508,44.551409162393526,44.430100972070335
2019-03-12,104.04000091552734,0.1499134647336056,0.0,0.21682704985141754,44.67237292660842,0.16364534378051757,44.17319296910759,44.121300964863835
2019-03-18,107.19000244140624,0.1421410805818939,0.0,0.2119079828262329,41.77709434246576,0.16265071868896486,41.171976338310614,41.065172510502464
2019-03-22,99.76000213623048,0.1696040900774482,0.0,0.2316904366016388,48.79540202377525,0.18000425338745119,48.378246621110875,48.340315646440104
2019-03-29,101.2300033569336,0.1765437783265928,0.0,0.21651571989059448,47.340460711083026,0.16333086013793946,46.98016947245104,47.03082343840582
2019-04-04,105.55999755859376,0.2133026300795734,0.0,0.2163378745317459,43.31557799698231,0.16351408004760742,42.738343724241176,43.26628917487706
2019-04-10,105.33999633789062,0.2094154203081717,0.0,0.23165541887283325,43.80300878713187,0.1631185531616211,42.96187930822482,43.42052579697932
2019-04-17,114.3000030517578,0.2798079664434906,0.0,0.21101857721805573,35.6587361238831,0.16980514526367188,34.64380188982011,38.372652571345725
2019-04-24,113.5500030517578,0.2204655136241251,0.0,0.2097042053937912,36.23622648235329,0.1651325225830078,35.243606759924845,36.56200617865791
2019-04-30,116.0500030517578,0.2208498792758592,0.0,0.2097042053937912,34.22084591896518,0.1656150436401367,33.01342313069843,34.61891218934544
2019-05-06,115.08999633789062,0.2086996800525244,0.0,0.22092106938362122,35.35352110315969,0.1806948661804199,34.17220895001546,34.9444022599622
2019-05-13,109.4499969482422,0.2425443942964854,0.0,0.24396631121635437,40.64329736243231,0.19714351654052734,39.5316250409161,40.60151095162105
2019-05-17,110.7699966430664,0.1497836704799937,0.0,0.2207144945859909,38.92700578882989,0.17899253845214844,38.06576114130306,37.73487330482291
2019-05-23,108.63999938964844,0.1655302787612266,0.0,0.23131082952022552,41.0242762900011,0.18292327880859374,40.107237716332705,39.91697235263226
2019-05-30,107.05999755859376,0.1601103393836084,0.0,0.24064648151397705,42.58163620839616,0.1879227066040039,41.61953346582213,41.36556476258545
2019-06-06,110.37000274658205,0.1920789492703668,0.0,0.22932705283164978,39.57234718797379,0.1753253936767578,38.46499562914687,38.72627562781268
2019-06-12,109.2699966430664,0.1803162506075692,0.0,0.22161315381526947,40.425661353504196,0.17458339691162109,39.60308066616358,39.67371370809025
2019-06-18,110.70999908447266,0.1790165925412808,0.0,0.22110676765441895,39.21300084684081,0.17101339340209962,38.248905309817246,38.35828338725014
2019-06-25,107.76000213623048,0.1648817491146571,0.0,0.2284444272518158,42.0455531206957,0.17603986740112304,41.20287315729013,41.104458896758246
2019-07-01,113.68000030517578,0.182433201891093,0.0,0.21204239130020142,36.496278054098326,0.16480512619018556,35.439806063029636,35.75695634843825
2019-07-08,112.87000274658205,0.16007861776825,0.0,0.22021254897117615,37.33878726676397,0.16505107879638672,36.116740482022934,36.049345400812555
2019-07-12,115.3000030517578,0.1478835426709168,0.0,0.2046128511428833,35.032917971208605,0.1625191116333008,34.0257202063313,33.80534224290962
2019-07-19,113.54000091552734,0.1602261232767584,0.0,0.22643254697322845,37.24861460959967,0.1625075149536133,35.74403610302738,35.71228561592439
2019-07-25,115.70999908447266,0.1646542130637096,0.0,0.21932440996170044,35.239033566019515,0.16128955841064452,33.68880328905951,33.74986027890452
2019-07-31,116.0,0.1312503127916318,0.0,0.2267695963382721,35.312925239162865,0.18009004592895508,33.852293760068946,33.052739175908414
2019-08-06,110.43000030517578,0.191517438942909,0.0,0.24441899359226227,40.329324629322144,0.19325794219970704,39.079819951596704,39.04931074148915
2019-08-13,109.33999633789062,0.2199043167789595,0.0,0.23736467957496643,41.084174590206885,0.18843578338623046,40.05911824293709,40.64926098693026
2019-08-19,108.69000244140624,0.2734870201088417,0.0,0.23834846913814545,41.73367399147422,0.18203550338745117,40.65624320519633,42.790931704043615
2019-08-23,106.0199966430664,0.2770730716202897,0.0,0.24564619362354279,44.13725224138547,0.19451580047607422,43.243989697126565,44.97554799423828
2019-08-29,109.22000122070312,0.2973143604217308,0.0,0.24452154338359833,41.395610892653806,0.18955570220947265,40.199447243021595,43.21221829646829
2019-09-06,112.61000061035156,0.2695328860980549,0.0,0.21744735538959503,37.865186803536986,0.16957630157470704,36.841367472621656,39.66998026992178
2019-09-12,117.91000366210938,0.2633526915320207,0.0,0.21536538004875183,33.58185413604721,0.16819286346435547,32.08641235306652,35.741364438431404
2019-09-18,119.76000213623048,0.2087287790726864,0.0,0.2097042053937912,31.96525351226265,0.1676691246032715,30.48863548730229,31.924704073612943
2019-09-25,118.0,0.1843347266200897,0.0,0.21566946804523468,33.59926955812968,0.17487056732177733,32.25719077636673,32.52139884101297
2019-10-01,115.5500030517578,0.18558827455719,0.0,0.23722496628761292,36.37731413552447,0.19293609619140625,34.911006702436524,34.72311649230687
2019-10-07,114.37000274658205,0.1945458061202059,0.0,0.24707642197608948,37.73322188988132,0.18411184310913087,35.81108032494082,36.051977455337735
2019-10-11,116.13999938964844,0.201912107535871,0.0,0.22763070464134216,35.735241449789996,0.17119401931762696,34.07197424322027,34.859053900350645
2019-10-18,120.55999755859376,0.2122822404438914,0.0,0.21017998456954956,31.745208659429224,0.16767763137817382,30.19712167405774,31.83639886200193
2019-10-24,125.02999877929688,0.2219053984190438,0.0,0.2097042053937912,28.631489580908976,0.1675059127807617,26.598158886034994,29.313524829230673
2019-10-30,125.7300033569336,0.2069088240469704,0.0,0.20942245423793793,28.224680829425665,0.16756975173950195,26.133769033344194,28.08470864622649
2019-11-05,129.10000610351562,0.1848165294970844,0.0,0.20385532081127167,25.93821233818703,0.1655983543395996,23.70584852994952,24.77543646757674
2019-11-12,129.16000366210938,0.156477157535021,0.0,0.21087196469306946,26.32684136726205,0.1629686164855957,23.494289912196123,23.165036801027554
2019-11-18,130.6199951171875,0.1317550398424945,0.0,0.21072593331336975,25.566871099198508,0.16279975891113282,22.536323373765896,20.966925419765857
2019-11-22,130.7899932861328,0.1112281535361611,0.0,0.21143649518489838,25.520953557887353,0.16159496307373047,22.347713412970194,20.02120636505751
2019-12-02,131.47000122070312,0.103631324145257,0.0,0.21652375161647797,25.532296945548744,0.16752683639526367,22.249915356446863,19.1813708850799
2019-12-06,135.0399932861328,0.1173859532503516,0.0,0.207939013838768,23.39300852666694,0.16311832427978515,20.020856007048835,17.124007537338358
2019-12-12,138.02000427246094,0.146931935735755,0.0,0.20382574200630188,21.975413509471295,0.16155858993530273,18.48756424175366,17.34795909442702
2019-12-18,138.0399932861328,0.1488092297997673,0.0,0.20401977002620697,21.985649730045644,0.16072799682617187,18.413327641578135,17.482563616441688
2019-12-26,139.0399932861328,0.1492776666339917,0.0,0.2116788625717163,22.34525792848413,0.16053276062011718,17.982490852907837,17.069110381442222
2020-01-02,141.08999633789062,0.1526249086612173,0.0,0.2100124955177307,21.728969954377597,0.16135652542114257,17.373948322282097,16.615278984335916
2020-01-08,136.94000244140625,0.1596489992201663,0.0,0.2226410061120987,23.92175744023529,0.16178905487060546,18.992261673010788,18.829698023973798
2020-01-14,138.8000030517578,0.1385242319448513,0.0,0.2226410061120987,23.37756029717204,0.16078556060791016,18.1030267094739,16.336473632423633
2020-01-22,136.67999267578125,0.1487977375518739,0.0,0.2226410061120987,23.996459639298322,0.16093070983886718,19.038838110647433,18.142954382239083
2020-01-28,134.42999267578125,0.1814632073855655,0.0,0.2755628824234009,29.11237146215251,0.1844559669494629,21.828025095779935,21.608293053509428
2020-02-03,133.3699951171875,0.2017591065427757,0.0,0.2971402108669281,31.220324292896876,0.19502910614013672,23.103375021736554,23.59818674068125
2020-02-07,137.1699981689453,0.1988318931652703,0.0,0.32357385754585266,32.72217890982411,0.1808280563354492,20.370861295645547,21.839172471995596
2020-02-14,137.4600067138672,0.1817871480561799,0.0,0.37175798416137695,37.04155932352133,0.16333681106567383,18.84954864798697,20.321213164472
2020-02-21,135.80999755859375,0.1935386154633184,0.0,0.3061025142669678,31.41423326834769,0.19973440170288087,22.416791548683243,21.925630983618802
2020-02-27,121.37000274658205,0.2770543718287417,0.0,0.6600340604782104,63.42179023182351,0.2723321723937988,34.647765149682456,34.926417236422566
2020-03-05,113.97000122070312,0.4001373895509824,0.0,0.728807806968689,70.20726653027307,0.2775163269042969,40.6549798451546,47.13928722641481
2020-03-11,95.95999908447266,0.7054768602079647,0.0,0.730862557888031,74.65172717874994,0.27907867431640626,55.791889891118856,73.18670258602782
2020-03-17,93.76000213623048,1.141222742465119,0.0,0.7016767263412476,74.05494272938385,0.2798196792602539,58.1396834073044,100.33105708875516
2020-03-23,79.02999877929688,1.1879147461595383,0.0,0.6711617708206177,80.22630188580771,0.2798196792602539,72.36927168245614,104.20814585064518
2020-03-30,93.5,1.3363980389246275,0.0,0.4592527151107788,62.89680322032636,0.2787948799133301,58.46820322833429,112.40025900406252
2020-04-03,84.05000305175781,1.3353956812517986,0.0,0.45545145869255066,69.89846138445203,0.27740596771240233,67.39870020018661,111.7706830811542
2020-04-09,102.76000213623048,1.2640414622864469,0.0,0.40686875581741333,54.380899699853344,0.2747208023071289,49.94039826760256,108.6984979326731
2020-04-16,87.33000183105469,0.9329137801958404,0.0,0.6020945906639099,72.43920360339942,0.27653844833374025,64.20212843645768,88.91888940633392
2020-04-23,89.38999938964844,0.7954023635816653,0.0,0.4803885519504547,66.54673523535652,0.27648727416992186,62.29561224620895,80.84306386563058
2020-04-29,97.86000061035156,0.7176412722512435,0.0,0.39033713936805725,57.35605735247087,0.2698037528991699,54.39424807768749,73.58418105567463
2020-05-05,92.0,0.647481819843055,0.0,0.4044741988182068,62.23329155303159,0.27780441284179686,59.83264023340972,72.04952344448492
2020-05-11,89.97000122070312,0.5196630928017694,0.0,0.3892662227153778,63.49554927611837,0.2558892822265625,61.58911507054172,67.5369081690026
2020-05-18,90.4499969482422,0.4323506275824286,0.0,0.40211716294288635,63.40327826847623,0.2534167671203613,61.10149685595414,64.23071017763793
2020-05-22,89.47000122070312,0.4229227595281454,0.0,0.3894506096839905,63.91325382954112,0.2555158233642578,62.06466306295039,64.74103221597993
2020-05-29,97.30999755859376,0.5045805346425655,0.0,0.3930133879184723,57.803217151983205,0.2541918563842773,54.63689788113439,62.3044763529132
2020-06-05,111.2300033569336,0.5236194298285444,0.0,0.37719282507896423,47.8124254859935,0.23714475631713866,41.97179397466448,56.6665357958193
2020-06-11,97.20999908447266,0.6275496950028201,0.0,0.33589082956314087,56.167705155261274,0.27780441284179686,55.00074362732002,68.58791267073315
2020-06-17,99.4800033569336,0.5848158832142138,0.0,0.3431816101074219,54.526355499567615,0.27780441284179686,52.9749142090925,65.22670031139651
2020-06-23,97.93000030517578,0.5736888146898717,0.0,0.3236561417579651,55.28469583024942,0.270535831451416,54.255950408963656,65.37120498402359
2020-06-30,94.05999755859376,0.5397080055066329,0.0,0.2844425141811371,57.96553469329571,0.26615989685058594,57.75379960914191,65.78388109192122
2020-07-07,92.31999969482422,0.476088358131657,0.0,0.2797071039676666,59.52596613501201,0.2609007453918457,59.350236431572256,64.2903175228711
2020-07-13,97.6500015258789,0.4031336320804006,0.0,0.3002895414829254,55.04444275528638,0.26628463745117187,54.477690366725696,57.90217989998408
2020-07-17,98.16000366210938,0.3868875618316774,0.0,0.2708924114704132,54.12493526835975,0.23191473007202149,53.66085269063292,57.003116595758485
2020-07-24,98.27999877929688,0.3704212295432786,0.0,0.2702406942844391,54.006790647784314,0.23145515441894532,53.54379986814716,56.37251215246933
2020-07-30,97.0199966430664,0.316194245272308,0.0,0.27160635590553284,55.19650795743851,0.22961751937866212,54.748828026916016,55.98276183775967
2020-08-05,97.20999908447266,0.2899997906014016,0.0,0.2563275694847107,54.81198307453796,0.22312843322753906,54.507047441283035,55.298214622352916
2020-08-12,102.94000244140624,0.2436161643340619,0.0,0.26087191700935364,49.69295834236715,0.22178274154663086,49.087761544149046,49.389041457728325
2020-08-18,98.31999969482422,0.2530613880469267,0.0,0.2564336955547333,53.80575547982471,0.21703405380249025,53.42288068657717,53.76335592479549
2020-08-24,100.05999755859376,0.2613767004707136,0.0,0.2609163522720337,52.244076804590165,0.22170162200927734,51.76608712101687,52.251289214370445
2020-08-28,102.7699966430664,0.2519654697348989,0.0,0.26087191700935364,49.85658779827388,0.22438419342041016,49.29065905241572,49.69452900084154
2020-09-04,103.5199966430664,0.2742959369079656,0.0,0.2925208508968353,49.92092143536979,0.2627173614501953,49.221902931393146,49.47262846255563
2020-09-11,101.06999969482422,0.2765789380883924,0.0,0.2818238437175751,51.74511009032493,0.2474352264404297,51.14144792592563,51.63878456356109
2020-09-17,98.55999755859376,0.28583838873062,0.0,0.27066826820373535,53.7895433235028,0.24576873779296876,53.45541245225512,54.045114415269154
2020-09-23,92.73999786376952,0.2898264801994824,0.0,0.27462100982666016,59.14109430313103,0.25620141983032224,58.9749956713589,59.3128281621164
2020-09-30,96.2699966430664,0.2745185528202626,0.0,0.2819169759750366,56.00989651030895,0.2364961051940918,55.4976499871359,55.90470400263497
2020-10-06,98.0199966430664,0.2658391579864777,0.0,0.3009554147720337,54.79228610058696,0.25364931106567384,54.032544604230495,54.19217326539331
2020-10-12,102.44000244140624,0.2518503080597161,0.0,0.2927260398864746,50.839124616567446,0.23404150009155272,49.7177185177643,49.987566185847484
2020-10-16,101.51000213623048,0.2296224295079747,0.0,0.3158750832080841,52.1998036035513,0.24884336471557617,50.76272287851614,50.50573158719763
2020-10-23,103.80999755859376,0.2227898930583255,0.0,0.3175399899482727,50.424618725213406,0.24913105010986328,48.7181500384189,48.310049231173565
2020-10-29,97.16999816894533,0.2596495991525134,0.0,0.3760088086128235,57.42714385219712,0.27309474945068357,55.081409613819204,54.903005341189186
2020-11-04,100.25,0.3063426315443577,0.0,0.2866206467151642,52.5685791980589,0.254215145111084,51.999416106443576,53.008235659275925
2020-11-11,114.77999877929688,0.5459127584845546,0.0,0.2559552788734436,39.82965125296879,0.22466676712036132,38.74396054659499,57.05270166374127
2020-11-17,116.11000061035156,0.5486810037736,0.0,0.2542875111103058,38.78434730885543,0.21987739562988282,37.52551286651514,56.878293316225324
2020-11-23,117.87000274658205,0.5469213330448185,0.0,0.2544773817062378,37.53147459727914,0.2197298812866211,36.13029735359582,56.289017458696804
2020-11-30,117.87999725341795,0.5483502223089656,0.0,0.24456535279750824,37.093507909699724,0.20772958755493165,35.713775252464785,56.39309794114936
2020-12-07,121.87999725341795,0.515984311892829,0.0,0.24479345977306366,34.318687606645,0.21160751342773437,32.753770947096726,52.952228997830545
2020-12-11,119.55999755859376,0.2702812983691389,0.0,0.25451967120170593,36.358809797503994,0.221865234375,34.910627011486284,37.14668694018043
2020-12-17,119.66999816894533,0.2569440593902261,0.0,0.253860205411911,36.25209899909403,0.21788578033447265,34.66928956573328,36.4023430913757
2020-12-23,125.06999969482422,0.2872798606163846,0.0,0.2541840672492981,32.8578626444757,0.22230464935302735,31.035819178434068,34.95499939655852
2020-12-31,127.06999969482422,0.2125755055298026,0.0,0.26060137152671814,32.16623557897833,0.22063997268676758,29.676799213730902,29.216157296237483
2021-01-07,135.8699951171875,0.2734364192696452,0.0,0.2541840672492981,27.916994084881125,0.221115665435791,25.229883789960887,29.528926501415178
2021-01-13,140.35000610351562,0.2655861942132566,0.0,0.25416773557662964,26.68303480909738,0.2201453971862793,23.642029192131574,27.71749407657881
2021-01-20,135.97000122070312,0.2789813212247268,0.0,0.24397310614585876,27.047560512764917,0.2130929183959961,24.564293583450755,29.97651580315315
2021-01-27,127.86000061035156,0.2668502170779497,0.0,0.2826864719390869,33.30181317533793,0.27229162216186525,32.57270589395682,32.19704623072191
2021-02-02,133.61000061035156,0.2910924698917109,0.0,0.26980969309806824,29.984458595933454,0.23130367279052735,26.975671083898746,31.711859822817786
2021-02-08,140.13999938964844,0.2367652574547366,0.0,0.24397310614585876,25.838338014964037,0.2113241195678711,22.953957392710826,25.195294468155844
2021-02-16,144.64999389648438,0.2448198156822849,0.0,0.24433636665344238,25.056306405118026,0.2097483444213867,21.763603470048558,25.102546338432354
2021-02-22,149.41000366210938,0.2250719189226624,0.0,0.24006052315235138,24.345702050273992,0.20458274841308594,20.799120362208,22.847189659574152
2021-02-26,147.1699981689453,0.218845189957457,0.0,0.2577822804450989,26.15252563718962,0.22204402923583985,22.643515485238794,22.330025832382248
2021-03-04,150.55999755859375,0.2182418208947812,0.0,0.26911088824272156,27.28314165994038,0.22899856567382812,23.246042098342933,22.162607784218633
2021-03-11,154.32000732421875,0.2185199206819561,0.0,0.21134571731090546,21.725115387215194,0.18899044036865234,19.44354689363033,22.457112724680456
2021-03-17,155.08999633789062,0.2153082574765737,0.0,0.21634717285633087,22.33881191734442,0.18288461685180665,18.923091737154397,22.232755167634473
2021-03-23,149.4600067138672,0.248402097463399,0.0,0.22536516189575195,22.880861015670657,0.1897043228149414,19.315705366312795,25.184775440933834
2021-03-29,152.67999267578125,0.2326308246658117,0.0,0.22167520225048065,22.613605761888255,0.18745437622070313,19.131606084691384,23.72728706209422
2021-04-06,152.5399932861328,0.21670455608927,0.0,0.2212790846824646,22.563771634965,0.18074455261230468,18.440387829538288,22.09876859186934
2021-04-12,155.9499969482422,0.2044406104715245,0.0,0.22218741476535797,23.068942376215627,0.17824995040893554,18.588814535506348,21.258298904067892
2021-04-16,153.3000030517578,0.2099025425834156,0.0,0.2212790846824646,22.62800078402619,0.1766415023803711,18.077606247269035,21.468958398667034
2021-04-23,150.19000244140625,0.2093196885188714,0.0,0.22633524239063263,22.97373888016023,0.18062324523925782,18.37931128186765,21.26357054287505
2021-04-29,155.19000244140625,0.1975988525474352,0.0,0.21765081584453583,22.486416893385254,0.18032028198242187,18.675775910056785,20.43929630997206
2021-05-05,157.52000427246094,0.1988583415645691,0.0,0.21544155478477478,22.677929075050294,0.18154720306396485,19.238515836032278,20.993003133222963
2021-05-11,158.5399932861328,0.2118279348961102,0.0,0.24140161275863647,25.540929997458143,0.20587362289428712,21.936402953868257,22.539121972038338
2021-05-18,162.35000610351562,0.2224843352797132,0.0,0.2394118756055832,26.382796434666627,0.20599031448364258,23.06777775730329,24.697514639202723
2021-05-24,163.5399932861328,0.1809107388695462,0.0,0.2105318307876587,23.93613569405376,0.18007963180541992,21.003773845875216,21.082683683540587
2021-05-28,164.24000549316406,0.1843580609253581,0.0,0.2114374190568924,24.28368867886092,0.17365205764770508,20.688491796024458,21.692230295662895
2021-06-04,166.44000244140625,0.1732568664426148,0.0,0.2114374190568924,25.189373204102424,0.174704647064209,21.809278393114496,21.68010700739743
2021-06-11,160.2899932861328,0.1671550083449396,0.0,0.2158425748348236,23.405370569295524,0.16949956893920898,18.79579116718537,18.565579091030386
2021-06-17,151.75999450683594,0.1720346125171798,0.0,0.2160085290670395,21.977574576960833,0.18318161010742187,18.648378181332497,17.517074643661843
2021-06-23,151.1199951171875,0.1953315228320796,0.0,0.2212790846824646,22.481911294051862,0.17983917236328126,18.292769001193527,19.859380821760105
2021-06-29,154.13999938964844,0.1936378087960586,0.0,0.22241920232772827,22.83300595640266,0.1775668716430664,18.25607877363738,19.896459887092558
2021-07-07,153.58999633789062,0.2027283070867167,0.0,0.2212790846824646,22.65471754438269,0.17621784210205077,18.059661315044625,20.763792975558477
2021-07-13,155.64999389648438,0.2457678846484801,0.0,0.22178813815116882,22.97978011484394,0.17518014907836915,18.22714092818913,25.426697010516587
2021-07-19,146.97000122070312,0.2508919563953474,0.0,0.2464607059955597,25.047836737980198,0.20358139038085937,20.852545849654106,25.482480117593305
2021-07-26,151.64999389648438,0.2501281334273309,0.0,0.22616347670555115,22.999234990045732,0.17565847396850587,17.880217361666578,25.42471818563572
2021-07-30,151.77999877929688,0.248279248797954,0.0,0.2266855239868164,23.057720560859003,0.17618803024291993,17.936736928186065,25.24440025556649
2021-08-05,153.14999389648438,0.2487198880620061,0.0,0.22616347670555115,23.10865949308942,0.17496173858642577,17.892190006546837,25.403310988124634
2021-08-11,161.16000366210938,0.230198659312826,0.0,0.21370676159858704,23.45371883416307,0.17243841171264648,19.382786303852768,25.10253506994086
2021-08-18,155.5800018310547,0.1818741468215908,0.0,0.2391195446252823,24.73715206383873,0.19650358200073242,20.39004537714706,18.898893731372276
2021-08-24,157.6699981689453,0.1686905355102592,0.0,0.21675090491771698,22.846251633817307,0.17797231674194336,18.916680716944892,17.98072833599286
2021-08-30,160.44000244140625,0.1881603381874255,0.0,0.21765081584453583,23.63405313831847,0.1775198745727539,19.639908358636575,20.691756491186915
2021-09-03,159.49000549316406,0.1784819035616899,0.0,0.2158425748348236,23.190572686319125,0.1732402992248535,18.92379734659645,19.444981192646804
2021-09-13,159.86000061035156,0.1560906844558564,0.0,0.2224363535642624,23.955802309114404,0.1852492332458496,20.229733804409822,17.35148983607165
2021-09-17,157.67999267578125,0.1545367546834248,0.0,0.2366846799850464,24.87522909972605,0.1966419792175293,20.806139529669846,16.55879234211376
2021-09-23,161.17999267578125,0.224252038758238,0.0,0.22350816428661346,24.43370374026019,0.18700023651123046,20.808156996284943,24.508148974679205
2021-09-30,163.69000244140625,0.228171394526318,0.0,0.23980799317359924,26.872880775398784,0.20656423568725585,23.61364877545772,25.724916298283844
2021-10-06,169.02000427246094,0.2372140624096013,0.0,0.240936279296875,29.124368314933783,0.20362693786621094,25.692034938538434,28.774906068137646
2021-10-12,165.36000061035156,0.2436716842779008,0.0,0.23799492418766022,27.312738543349916,0.1902334976196289,22.748178419021187,27.86677964826187
2021-10-18,166.5500030517578,0.2648567523547668,0.0,0.22339947521686554,26.387897554136323,0.17496410369873047,21.910818409209405,30.396438663197515
2021-10-25,170.94000244140625,0.2150962620196027,0.0,0.2163674533367157,27.824927838221996,0.1719205093383789,24.075001083456556,27.712509134302998
2021-10-29,169.88999938964844,0.2131701806711983,0.0,0.2237987518310547,27.953397446737938,0.17544033050537108,23.73347721933648,26.9927454634624
2021-11-04,168.2899932861328,0.204530238571144,0.0,0.22289042174816132,27.10140995002353,0.17360008239746094,22.680253578039128,25.412312509449187
2021-11-10,167.6199951171875,0.1897352355788391,0.0,0.22846311330795288,27.326588993418937,0.18098787307739259,22.97649428663651,23.754298582442402
2021-11-17,164.47000122070312,0.1369496441133119,0.0,0.22607886791229248,25.80902328949989,0.17430517196655274,20.87031363411168,17.52749684772496
2021-11-23,168.27999877929688,0.1707348798944089,0.0,0.22514504194259644,27.316944670200975,0.18552629470825197,23.7212941409445,22.444755015164006
2021-11-30,158.8300018310547,0.1833885804574638,0.0,0.25902706384658813,27.404315892226577,0.22922502517700194,24.377411030694525,19.751779186194764
2021-12-06,160.16000366210938,0.2105323939010913,0.0,0.2697369158267975,28.818358991875776,0.22478853225708006,24.27262278913209,22.840177951599877
2021-12-13,157.9199981689453,0.2212754660910809,0.0,0.24503138661384583,25.776796786861613,0.20163072586059572,21.36730296264904,23.36051002563636
2021-12-17,156.75999450683594,0.2440103848043044,0.0,0.24542750418186188,25.58447829761795,0.20375280380249022,21.33770792350684,25.439946898363388
2021-12-23,157.25999450683594,0.2221099324226347,0.0,0.22289042174816132,23.386684235823385,0.17899467468261718,18.93028023554946,23.307256437808107
2021-12-31,158.35000610351562,0.1911401814584629,0.0,0.25861242413520813,27.254068041719872,0.17635929107666015,18.922978770472348,20.410529500389934
2022-01-06,165.52000427246094,0.2324293103579198,0.0,0.23669323325157166,27.262927164107374,0.18984214782714845,22.8028793598368,26.849498959792875
2022-01-12,168.44000244140625,0.2228720256975412,0.0,0.21181662380695343,26.19302462450802,0.17701154708862304,23.107379828039754,27.210096219305626
2022-01-19,148.92999267578125,0.3410814592485828,0.0,0.25364333391189575,25.666430191297486,0.22889610290527343,23.20040421045061,34.370538130086494
2022-01-26,147.9199981689453,0.3396153536240603,0.0,0.2876620590686798,29.038443244248022,0.2748139953613281,27.76705853001138,34.17698650644052
2022-02-01,151.14999389648438,0.357109947521697,0.0,0.2567133903503418,26.036453123715454,0.2147562599182129,21.800860591869167,36.135034152460776
2022-02-07,153.07000732421875,0.3215023001057266,0.0,0.2592552900314331,26.443048263161508,0.2206795883178711,22.525417962241182,32.748693298785156
2022-02-11,153.9199981689453,0.3278433339221923,0.0,0.2957363426685333,30.240378879290674,0.2515378952026367,25.753607276727998,33.49362481059068
2022-02-18,152.13999938964844,0.211921705649296,0.0,0.3093811273574829,31.40585393351689,0.25326622009277344,25.736328947750224,21.548703654194192
2022-02-25,147.97000122070312,0.2480656316432636,0.0,0.31065791845321655,31.274466459018146,0.2554922676086426,25.81418726119699,25.079097086858557
2022-03-03,138.2899932861328,0.3054620903331195,0.0,0.28734901547431946,29.936377492795565,0.27023197174072267,28.415758712926447,31.558865559814897
2022-03-09,133.44000244140625,0.3556981086240894,0.0,0.28972944617271423,31.42440846623989,0.2709197044372559,29.894729625079194,36.970920194873955
2022-03-16,138.39999389648438,0.4020502483574433,0.0,0.2701389193534851,28.345393232451173,0.22841983795166015,24.698550731513613,40.31501038071782
2022-03-22,142.6199951171875,0.4033191850344178,0.0,0.2479352504014969,25.465482033786643,0.20890302658081056,21.837237840897497,40.20015740092282
2022-03-28,140.8699951171875,0.3852007069758737,0.0,0.24435187876224518,25.4044662613336,0.19499303817749022,20.969250917919354,38.50533484084528
2022-04-04,135.91000366210938,0.3240806176952944,0.0,0.23544584214687347,25.94060153459597,0.19261173248291016,22.528866998080773,33.51657398428098
2022-04-08,133.49000549316406,0.2737312458476858,0.0,0.24922558665275574,27.897866835550786,0.21031675338745118,24.92035254976765,29.863858664247694
2022-04-14,126.12000274658205,0.2245339969139819,0.0,0.2528017461299896,31.469910262551764,0.21594314575195311,29.241293254982196,29.73467911297773
2022-04-21,130.55999755859375,0.2316871772636475,0.0,0.24922558665275574,28.99765490280258,0.21881927490234376,26.84083228192584,27.73517930266072
2022-04-28,123.33999633789062,0.2596120736009382,0.0,0.30115410685539246,36.023421400871726,0.25884071350097654,33.37198867443091,33.417636707222286
2022-05-04,127.0999984741211,0.3103896027363292,0.0,0.2580309212207794,31.20517678324545,0.23028438568115234,29.40368380462054,34.9147629403018
2022-05-10,118.88999938964844,0.3136169594420299,0.0,0.2960369884967804,38.05436095790117,0.27346683502197267,36.82345508787661,39.072193759548185
2022-05-16,118.26000213623048,0.2995237085910363,0.0,0.2721374034881592,36.954652598039246,0.23975976943969726,35.40726666607627,38.427235556778015
2022-05-23,124.5999984741211,0.3702252581806161,0.0,0.28267702460289,33.93359854709584,0.24780628204345703,31.722050021598534,40.16275466376222
2022-05-27,131.27000427246094,0.3571713924254489,0.0,0.2561012804508209,28.997100859389555,0.23197158813476562,27.19856495737556,37.127346243615655
2022-06-03,130.16000366210938,0.3259867637707352,0.0,0.25628313422203064,29.36525731196639,0.22460367202758788,27.08837413117834,34.778798781046866
2022-06-10,119.5500030517578,0.3526814853492921,0.0,0.271617591381073,35.75781470368639,0.24953767776489258,34.60313435196244,40.687477781123434
2022-06-16,113.43000030517578,0.3559825496842024,0.0,0.29015839099884033,40.429613707697115,0.2769597434997559,39.8411277345199,43.81291594544232
2022-06-23,113.91999816894533,0.2863906359517187,0.0,0.2841227948665619,39.74865277037256,0.25489227294921873,38.49867528555825,39.85299743190427
2022-06-29,115.3000030517578,0.2823667433675914,0.0,0.2788473665714264,38.41832520211611,0.2516969871520996,37.19762016169855,38.58769788742113
2022-07-07,114.72000122070312,0.2996074721283953,0.0,0.2609288990497589,37.80312801835203,0.2342568588256836,36.73389174424369,39.62572162851201
2022-07-13,111.91000366210938,0.2505181760831224,0.0,0.2839165925979614,40.25660910893427,0.23559043884277345,38.425934114558046,38.934549434690496
2022-07-19,114.55999755859376,0.3080080628832696,0.0,0.2564007043838501,37.04332387167342,0.22501445770263673,35.811718285971395,39.52908339975339
2022-07-25,115.22000122070312,0.2937787897780112,0.0,0.25368890166282654,36.339067538136035,0.21738195419311523,34.90187592129196,38.26806558907316
2022-08-01,114.20999908447266,0.273909476766012,0.0,0.2483683079481125,36.91364562845625,0.21540285110473634,35.715229548448036,38.020105003689565
2022-08-05,115.76000213623048,0.2826392255836695,0.0,0.24901065230369568,35.79878104559734,0.208765869140625,34.23009907312546,37.3994744511252
2022-08-11,120.13999938964844,0.295693731034977,0.0,0.24789153039455414,32.770087373292085,0.2006711769104004,30.501185113034182,35.546336408852596
2022-08-17,122.58999633789062,0.2076079307017077,0.0,0.23609550297260284,30.545289718033573,0.20145416259765625,28.710527916912127,29.014222906463644
2022-08-24,115.8000030517578,0.2342474371033959,0.0,0.24997474253177643,35.5323153296993,0.21525178909301756,34.12350538882805,34.856577924759335
2022-08-30,114.41000366210938,0.2667878193653278,0.0,0.284778892993927,37.93835711997811,0.23619091033935546,35.78526894989656,37.08240682177873
2022-09-06,113.73999786376952,0.2354269523251511,0.0,0.29500436782836914,38.79816597541665,0.23557134628295898,36.182559686852116,36.17717107576762
2022-09-13,116.38999938964844,0.2564763735529297,0.0,0.2952321469783783,36.93052546481337,0.23506860733032225,33.9191839631239,34.9062221451705
2022-09-19,118.16000366210938,0.2613266663318717,0.0,0.2686370015144348,34.31392914450289,0.2348824119567871,32.57438780179773,33.91751368620467
2022-09-23,109.13999938964844,0.2754213700861723,0.0,0.3043483793735504,42.06204590270653,0.25761728286743163,40.262556997784785,40.895563276415515
2022-09-29,106.16000366210938,0.2632794363632881,0.0,0.31267982721328735,44.36291790465708,0.2668651008605957,42.762973488211486,42.65572171024448
2022-10-06,108.13999938964844,0.3404433244798947,0.0,0.2858453691005707,41.76275681786932,0.25669599533081056,40.74195283329129,44.10948925660993
2022-10-12,103.61000061035156,0.326316708753506,0.0,0.2955842912197113,45.242833767908635,0.27586626052856444,44.647083877343974,46.31663905106751
2022-10-18,118.83999633789062,0.4240613497562405,0.0,0.2789973020553589,33.82639475445373,0.25083169937133787,32.22132739252112,43.621824098738934
2022-10-24,122.37999725341795,0.4338376888506507,0.0,0.27902665734291077,31.895650589041573,0.2502551460266113,30.03251353015932,43.28983649221115
2022-10-31,125.87999725341795,0.4002423447730677,0.0,0.2543834447860718,28.542059033316306,0.23023962020874023,26.87334001331044,39.77638101219515
2022-11-04,130.67999267578125,0.3531396615191113,0.0,0.25321459770202637,26.616372869887066,0.22091943740844727,24.08099097248966,34.91080507729373
2022-11-10,135.0800018310547,0.3266897602045328,0.0,0.24411609768867493,24.608535256481858,0.21268123626708985,21.904679039641593,31.90146554772007
2022-11-16,133.1199951171875,0.2711244709362905,0.0,0.24397310614585876,25.057062886006342,0.21682144165039063,22.809538756209285,27.353697762407858
2022-11-23,136.47999572753906,0.2056978517995956,0.0,0.23223431408405304,23.212373463416863,0.19906993865966796,20.301220898401027,20.878173475297736
2022-11-30,138.17999267578125,0.2221136104727963,0.0,0.22801075875759125,22.552388492793064,0.20037668228149413,20.056848429835654,22.017623871543357
2022-12-06,131.58999633789062,0.2318226799841105,0.0,0.24596856534481049,25.634991436830624,0.21103052139282227,22.849001106896083,24.49279518735549
2022-12-13,134.0800018310547,0.1882100186616379,0.0,0.25871941447257996,26.055388964797054,0.20487451553344727,21.502380546123476,20.141374755740536
2022-12-19,130.05999755859375,0.2054028762298587,0.0,0.25413745641708374,26.782693777685118,0.20907569885253907,23.316972080573436,23.045720257964774
2022-12-23,131.27999877929688,0.198637968562675,0.0,0.24322961270809174,25.531411799589335,0.19348081588745117,21.65709257153118,22.04413488403121
2022-12-30,134.10000610351562,0.1795571879493248,0.0,0.2662634253501892,26.664018468057463,0.20328245162963868,21.31993947411455,19.391478599180104
2023-01-09,137.3699951171875,0.1592513887544934,0.0,0.24140168726444244,23.74179999050571,0.19911054611206055,19.94848932087393,16.456838035016986
2023-01-13,143.00999450683594,0.1697022665713818,0.0,0.20366650819778442,19.760565397995645,0.17869251251220702,17.3714348192098,16.511937779615685
2023-01-20,135.0800018310547,0.19583324553117,0.0,0.22582675516605377,22.783895025825263,0.18588722229003907,19.38213343650311,20.21780452628139
2023-01-26,139.97999572753906,0.1946801359314796,0.0,0.21634717285633087,21.12072137418824,0.18069257736206054,17.818612324028535,19.11064343449513
2023-02-02,138.94000244140625,0.1987223604536244,0.0,0.2212790846824646,21.711662473624227,0.18060068130493165,18.000524635578145,19.647231586977252
2023-02-08,142.63999938964844,0.1960495955916196,0.0,0.22342966496944427,21.64286441816132,0.1851957130432129,17.99497313263298,19.030106689540784
2023-02-14,143.1999969482422,0.1865771807135676,0.0,0.2237621694803238,21.65713110746086,0.1806715202331543,17.527704777305175,18.09359453851009
2023-02-22,138.55999755859375,0.1489878932187742,0.0,0.23629488050937653,23.06541271588116,0.1889479637145996,18.746233166833136,15.171390168229244
2023-02-28,143.35000610351562,0.1544411313067009,0.0,0.2195197492837906,21.236537667233705,0.17422258377075195,16.890945579856155,14.99368381601224
2023-03-06,142.82000732421875,0.1682827621624691,0.0,0.21624965965747833,20.90964008081029,0.17414737701416017,16.886311431173393,16.326228863437855
2023-03-10,133.64999389648438,0.2810243149859264,0.0,0.25217577815055847,25.222360055392272,0.21655521392822266,22.1950527632682,27.719457199884214
2023-03-17,125.80999755859376,0.3614127564163327,0.0,0.26224252581596375,28.88551142826327,0.2255747413635254,26.327478611148543,36.469448831560655
2023-03-23,126.83999633789062,0.3846808047494377,0.0,0.24615952372550964,27.117881990804392,0.20943233489990234,24.54170639050593,37.97097562689392
2023-03-29,129.13999938964844,0.3945524703043703,0.0,0.23019173741340637,24.94505149943609,0.18554882049560548,21.703799378423327,38.34107004023902
2023-04-04,128.4199981689453,0.3915407044005564,0.0,0.23499459028244019,25.529874948083844,0.1842835235595703,21.91512864574203,38.15413646236304
2023-04-12,128.5,0.3130667432319068,0.0,0.26003873348236084,27.313651675224662,0.18275144577026367,21.647264407920503,31.547821804751266
2023-04-18,141.39999389648438,0.3137517625113875,0.0,0.22375176846981049,21.58012808766764,0.18495546340942381,17.91442654641748,30.092174787084588
2023-04-24,140.72999572753906,0.2853367299129528,0.0,0.21613723039627075,20.889117054078373,0.1828256607055664,17.76400143999852,27.40058543384285
2023-04-28,138.24000549316406,0.2919526404324065,0.0,0.22023306787014008,21.532342859229246,0.18376163482666016,18.22276834677938,28.120050190343264
2023-05-05,136.74000549316406,0.3198013386691419,0.0,0.23053023219108582,22.612140792741574,0.18510913848876953,18.57406910327234,30.702795378038022
2023-05-11,136.0500030517578,0.3212812424204045,0.0,0.22497820854187012,22.26218330013791,0.18369091033935547,18.647395459398652,30.909070509147217
2023-05-17,138.4499969482422,0.2263776824548936,0.0,0.22382059693336487,21.773533409696118,0.182084903717041,17.966672723131474,22.00812458566952
2023-05-24,135.33999633789062,0.2217135907742909,0.0,0.23968835175037384,23.611118310139005,0.19605518341064454,19.801649396314353,22.030809312155725
2023-05-31,135.7100067138672,0.1973011787387813,0.0,0.23291821777820587,22.876667422951638,0.18748985290527342,18.891868176236834,19.743563354148396
2023-06-06,139.33999633789062,0.1803382277285881,0.0,0.21620610356330872,20.919185492511463,0.1775262451171875,17.34628594556802,17.604958491485423
2023-06-12,141.0,0.1808180239790505,0.0,0.21549832820892334,20.76228315349997,0.17785028457641602,17.21803023140629,17.496991534878156
2023-06-20,142.52999877929688,0.1399722249916973,0.0,0.2114374190568924,20.35639584739112,0.171462345123291,16.543317006286784,13.54189253853416
2023-06-26,139.19000244140625,0.1456831033573128,0.0,0.2218940705060959,21.439209920393886,0.17009546279907226,16.663471388295967,14.439243051796037
2023-06-30,145.44000244140625,0.1814700682102702,0.0,0.207410529255867,20.118060402545794,0.16992448806762694,16.49522832071355,17.611450931723624
2023-07-07,144.33999633789062,0.1764247024883919,0.0,0.21274106204509735,20.538536912121735,0.1709708595275879,16.51477794887025,17.0405027096167
2023-07-14,149.77000427246094,0.1810822151069278,0.0,0.20414228737354279,20.52567765274847,0.16972925186157226,17.23847639423979,18.319679699113692
2023-07-20,156.14999389648438,0.1914010358035595,0.0,0.2086067944765091,22.993683492551497,0.16976871490478515,19.545142660763005,21.44584276976564
2023-07-26,157.75999450683594,0.1835921022621567,0.0,0.20366650819778442,23.24804255263617,0.16667713165283204,20.07854116625041,21.503141512172952
2023-08-02,155.39999389648438,0.1649356825671195,0.0,0.21224121749401093,23.045722981185534,0.1725634765625,19.473054418671445,18.80575153228689
2023-08-08,155.8800048828125,0.1505627529331096,0.0,0.21454377472400665,23.45751664804088,0.16635440826416015,19.168046510031864,17.82858057954222
2023-08-14,154.77000427246094,0.1541987036102162,0.0,0.21454377472400665,23.03262760200674,0.16589973449707032,18.628352764340477,17.606888285606388
2023-08-18,148.97000122070312,0.1545229876818049,0.0,0.22196310758590698,22.069950404509775,0.18231542587280272,18.260175338198188,15.606495596352019
2023-08-25,147.0500030517578,0.1454009827386243,0.0,0.2195909172296524,21.496133759822744,0.1677030372619629,16.490811531235824,14.344439854802129
2023-08-31,146.3300018310547,0.1459227566922021,0.0,0.21454377472400665,20.905215084674147,0.16416580200195313,16.039585917933636,14.278711607799126
2023-09-07,143.72000122070312,0.1447622355864535,0.0,0.220937117934227,21.279942016896733,0.16531307220458985,15.93732878296682,13.9612126369369
2023-09-13,146.41000366210938,0.150408064715482,0.0,0.21454377472400665,20.91601263443909,0.16467056274414063,16.098774102370385,14.722012609221018
2023-09-20,148.3000030517578,0.1389388750342218,0.0,0.21545210480690002,21.31043493891739,0.16536066055297852,16.492706178283576,13.968602049357834
2023-09-26,144.92999267578125,0.1292348741305801,0.0,0.2347968965768814,22.698573929611385,0.19393259048461914,18.761112389968968,12.516599763019086
2023-10-02,143.77000427246094,0.143851956063117,0.0,0.2520473003387451,24.25366399329785,0.18295394897460937,17.624331996941958,13.865277754390565
2023-10-06,145.10000610351562,0.1489197963042334,0.0,0.2531295418739319,24.475784193243513,0.18163257598876953,17.5873355422274,14.430511973927217
2023-10-13,148.0,0.1368432761505114,0.0,0.26549214124679565,26.085546015445615,0.19390331268310546,19.18243197643016,13.71335715820004
2023-10-19,145.2899932861328,0.1412149294024681,0.0,0.26898428797721863,26.024838896358933,0.20119913101196288,19.49448742693189,13.704194133528265
2023-10-25,140.39999389648438,0.1485263607489396,0.0,0.26861900091171265,25.724228635597505,0.19915645599365234,19.205090322868045,14.4793168026351
2023-11-01,138.94000244140625,0.1876339094654149,0.0,0.2825920879840851,27.063637477824507,0.18707986831665038,18.22950647570453,18.28036107987754
2023-11-07,144.00999450683594,0.1960922474552465,0.0,0.22427897155284882,21.61564089614102,0.16821636199951173,16.22509318314304,18.90685500020076
2023-11-13,145.77999877929688,0.1955738246890771,0.0,0.22518247365951538,21.864227305470493,0.1685050582885742,16.390923253396668,19.005712048700943
2023-11-17,152.82000732421875,0.2067407274058436,0.0,0.2069784551858902,21.641256658594813,0.1662925338745117,17.86448144241777,21.618922878736104
2023-11-27,153.19000244140625,0.1847514289033866,0.0,0.2520585060119629,26.019382041674184,0.16410333633422852,17.79842548147684,19.68974104810807
2023-12-01,156.83999633789062,0.1056628552612468,0.0,0.20068369805812836,22.541950197023155,0.16478923797607423,19.41333873896358,14.851030381956818
2023-12-07,156.7899932861328,0.1077970060324245,0.0,0.20726726949214935,23.11535559759338,0.16416696548461915,19.342064481975136,14.97048228558883
2023-12-13,161.05999755859375,0.0970657776837755,0.0,0.20115947723388672,24.611253015133613,0.16355192184448242,21.62646151447322,17.499706042247922
2023-12-20,166.5500030517578,0.1118856369674776,0.0,0.20096544921398163,27.80453665579222,0.16536142349243163,25.376565128404437,22.68609910218163
2023-12-27,169.39999389648438,0.1080041663587446,0.0,0.20068369805812836,29.670980921747002,0.16355192184448242,27.378698337251762,25.08404169317754
2024-01-03,171.3300018310547,0.1142032575409632,0.0,0.20144122838974,31.107689088145875,0.16370340347290038,28.93303574021961,27.04109719984001
2024-01-09,170.66000366210938,0.1111655166770432,0.0,0.20845460891723633,31.089134341913024,0.16379182815551757,28.39855840168363,26.344342012289843
2024-01-17,167.08999633789062,0.1066165729538606,0.0,0.23496223986148834,30.753730724079617,0.17914613723754882,26.668026069661863,23.018516297437145
2024-01-23,168.99000549316406,0.1036576612902022,0.0,0.2165423184633255,30.518181768892106,0.16372745513916015,27.086272264550814,24.61707631902061
2024-01-29,172.72999572753906,0.1146941063684844,0.0,0.21745064854621887,33.09000819377552,0.16392623901367187,30.001308384087437,28.25383027016673
2024-02-05,174.5,0.134804097750658,0.0,0.2112453728914261,33.96886108966092,0.16426376342773438,31.46828124588835,30.37975818703451
2024-02-09,175.00999450683594,0.1312514523834881,0.0,0.21645526587963104,34.68470798808153,0.16304670333862303,31.864128405178477,30.76293804700927
2024-02-15,179.8699951171875,0.1445104466766065,0.0,0.20234152674674988,37.6586816787223,0.16377828598022462,36.064142396031585,35.506727990597085
2024-02-22,183.07000732421875,0.1370500873469478,0.0,0.22625073790550232,41.469520372239614,0.17060565948486328,39.14637128694106,38.35146157253013
2024-02-29,186.0599975585937,0.1170568344579404,0.0,0.20144122838974,42.84540453414404,0.16416696548461915,41.68149975435867,40.98700243074407
2024-03-06,189.52999877929688,0.1085020203698134,0.0,0.22487466037273407,46.79340372774264,0.16976362228393554,45.03968483243858,44.35544403994504
2024-03-12,189.83999633789065,0.1157238887843309,0.0,0.20144122838974,46.19874651848576,0.16556770324707032,45.25527861863674,44.69762203156111
2024-03-18,192.66000366210932,0.1220054163188941,0.0,0.22535043954849243,49.529732799839834,0.17004846572875976,47.98142667859574,47.47387849514624
2024-03-25,194.82000732421875,0.1435262094202916,0.0,0.2088823914527893,50.87294993735392,0.1632370948791504,49.88875772459457,49.67409824062159
2024-04-01,198.94000244140625,0.1550774867359589,0.0,0.2229369431734085,54.991974048647904,0.16520347595214843,53.82349458594163,53.72313667902975
2024-04-05,197.4499969482422,0.1632798575817561,0.0,0.2759835720062256,55.739131491339535,0.18858787536621094,52.757510423871054,52.359558958353205
2024-04-12,182.7899932861328,0.2861418817113342,0.0,0.26577895879745483,43.534627099021876,0.2175153923034668,40.80177991340403,44.86987704749072
2024-04-18,181.25,0.272992014635229,0.0,0.26458925008773804,42.332294228490426,0.21792032241821288,39.588946959921785,42.88656343703059
2024-04-24,193.0800018310547,0.2914300194704041,0.0,0.25206226110458374,50.984082706094284,0.1948343276977539,48.89813588951846,53.006732125250025
2024-04-30,191.7400054931641,0.2816631619970012,0.0,0.2446320801973343,49.517396725227954,0.19029119491577148,47.55425348539124,51.392652978112764
2024-05-07,191.75,0.2773371944805199,0.0,0.2238726019859314,48.64474737462143,0.17072208404541014,47.10135471010008,51.151762901226306
2024-05-13,198.72999572753903,0.1495077591635266,0.0,0.20545051991939545,54.34328323839259,0.1665361976623535,53.651267035092786,53.48964039205035
2024-05-17,204.7899932861328,0.1393623859622258,0.0,0.20385532081127167,59.98076534365825,0.16493928909301758,59.488465828248195,59.355810835233314
2024-05-23,196.9199981689453,0.2136007760493718,0.0,0.22209502756595612,53.16872563595594,0.168415584564209,51.95978793496249,52.91301781615927
2024-05-31,202.6300048828125,0.229644758942256,0.0,0.21749044954776764,58.25006842534901,0.1694086265563965,57.442010005135245,58.566153332786044
2024-06-06,196.91000366210932,0.2376232914243638,0.0,0.22644446790218353,53.361364322845716,0.16997703552246093,52.03976028932149,53.74899456436167
2024-06-12,191.52999877929688,0.2529509708051928,0.0,0.22249114513397217,48.47130229065165,0.1727643394470215,47.01552135254758,49.78428038367608
2024-06-18,197.0,0.25108789205216,0.0,0.22249114513397217,53.3025796594456,0.17039798736572265,52.11781680127871,54.335185512002695
2024-06-26,197.42999267578125,0.1778389245860949,0.0,0.21682704985141754,53.51925933490885,0.1657687759399414,52.466195287482805,52.63875101965104
2024-07-02,208.8300018310547,0.1915539222510669,0.0,0.20942245423793793,63.90868261579527,0.16733598709106445,63.43782458330094,63.65561987208363
2024-07-09,207.6300048828125,0.1955943538226982,0.0,0.21017998456954956,62.773213460386785,0.16768661499023438,62.26125577438481,62.54508190551641
2024-07-16,213.6199951171875,0.1763674078207555,0.0,0.20413707196712494,68.34630435288571,0.16623281478881835,68.03942137447916,68.09375746339086
2024-07-22,210.27999877929688,0.2197991449054419,0.0,0.2397754192352295,65.83268021062705,0.18787483215332032,64.9541952360455,65.40751706599832
2024-07-26,212.2400054931641,0.2174875853273216,0.0,0.2572075128555298,68.02789869909456,0.2072090721130371,66.99764426695029,67.15368755048274
2024-08-01,207.9600067138672,0.2324827354203254,0.0,0.27718064188957214,64.7985115391337,0.2419954299926758,63.671251562578504,63.42887255275991
2024-08-08,204.0599975585937,0.3011770093120004,0.0,0.255465030670166,60.516843358886845,0.22176141738891603,59.52076388700584,62.40295807965725
2024-08-14,210.2400054931641,0.2846169462429078,0.0,0.2283051759004593,65.39279443342195,0.1834355926513672,64.72072322924862,67.03580441597182
2024-08-20,214.5200042724609,0.2603491105407704,0.0,0.22231309115886688,69.27520123772746,0.17625272750854493,68.77254419510135,70.09537716310815
2024-08-26,219.1699981689453,0.2548897777126191,0.0,0.2209431231021881,73.6191907379748,0.18206911087036132,73.26144160286387,74.21651845198528
2024-09-03,220.3000030517578,0.149622393854979,0.0,0.25340160727500916,75.17826059317056,0.19744981765747072,74.3916749959503,74.19295493910386
2024-09-09,216.8099975585937,0.1423208723317532,0.0,0.23897740244865417,71.49956800738468,0.19372283935546875,70.87055032967365,70.64510018845615
2024-09-13,204.32000732421875,0.2384488401068688,0.0,0.22856126725673676,59.45945220921675,0.18524152755737305,58.57846034186829,59.742015059554916
2024-09-19,210.47999572753903,0.2486478822734918,0.0,0.24494513869285583,65.33800617238285,0.1840169334411621,64.2379929442703,65.43905200425733
2024-09-26,209.77999877929688,0.2430143663080058,0.0,0.24876359105110168,64.64915077649356,0.1713550567626953,63.28374394869056,64.48878999161767
2024-10-02,207.2899932861328,0.2496416855233683,0.0,0.24542750418186188,62.29535695822001,0.1956990432739258,61.17695697050277,62.42455305260113
2024-10-08,210.75,0.2496253634918325,0.0,0.2541653513908386,65.78010284983958,0.2065674591064453,64.7143725704992,65.65002277362726
2024-10-15,221.03749084472656,0.1965444223918102,0.0,0.2430056929588318,75.05774367874574,0.1954034996032715,74.4490634664134,74.45787553846435
2024-10-21,221.03749084472656,0.1886546548566368,0.0,0.2571761906147003,75.34546456107671,0.1889706039428711,74.4039137840401,74.40188872761527
2024-10-25,221.03749084472656,0.1859545643559208,0.0,0.2542794346809387,75.28240236988756,0.19289716720581054,74.43056919513887,74.38528910283196
2024-10-31,221.03749084472656,0.1712599638366797,0.0,0.2667042315006256,75.45162788334733,0.20794635772705078,74.43537872076257,74.18776018597265
2024-11-07,221.03749084472656,0.1348000145668634,0.0,0.21638788282871246,74.51597553311487,0.16679466247558594,74.15813296237567,74.10480556503083
2024-11-13,221.03749084472656,0.0286403209515688,0.0,0.26064419746398926,75.25367471368386,0.17113954544067383,74.13057675990359,74.05531886293238
2024-11-19,221.03749084472656,0.0286403209515688,0.0,0.27927711606025696,75.75929584314504,0.17873725891113282,74.19141784632785,74.08396725686322
2024-11-25,221.03749084472656,0.0286403209515688,0.0,0.26258963346481323,75.32560543466278,0.16779884338378906,74.14718436992842,74.08396725686322
2024-12-03,221.03749084472656,0.0286403209515688,0.0,0.26064419746398926,75.10963634288282,0.1670038604736328,73.95981787013784,73.89765023732508
2024-12-09,221.03749084472656,0.0,0.0,0.2330830693244934,74.46694930754305,0.16952255249023437,73.86898370768708,73.79722531863627
2024-12-13,221.03749084472656,0.0,0.0,0.2330830693244934,74.35849809067042,0.16749200820922852,73.74800927175977,73.68236787148484
2024-12-20,221.03749084472656,0.0,0.0,0.2854571044445038,75.58519407701799,0.19009790420532227,73.86305645865099,73.68236787148484
2024-12-27,221.03749084472656,0.0,0.0,0.25951868295669556,74.84723720152104,0.17780488967895508,73.74802716750403,73.6392726339264
2025-01-03,234.9011688232422,0.18827568783546408,1.0,0.2305603176355362,87.42403678379486,0.1835841178894043,87.1540040363007,87.16765416895467
2025-01-10,232.8048095703125,0.18559990070649957,1.0,0.2595251500606537,85.81285260175144,0.20123355865478515,85.2021134873535,85.13645530299993
2025-01-17,251.5266265869141,0.2120437724428626,1.0,0.21651805937290192,103.52852364821388,0.18124969482421874,103.45984892311236,103.51443656019731
2025-01-24,257.0393371582031,0.15715944059499587,1.0,0.20977512001991272,108.92784962807875,0.1836124038696289,108.89375745790187,108.88456067947814
2025-01-30,260.3294677734375,0.1467542543989274,1.0,0.21296539902687073,112.12772620536845,0.18746450424194336,112.09549612499404,112.08519168126222
2025-02-05,262.4646911621094,0.14137264776091615,1.0,0.21389934420585632,114.26380203924788,0.18777359008789063,114.233626388705,114.2245246767605
2025-02-12,267.3368530273437,0.156862841906323,1.0,0.2031252384185791,119.05715271917975,0.16741422653198243,119.04159421485369,119.04076587470465
2025-02-19,271.02490234375,0.14033085458746342,1.0,0.20923303067684174,122.67065445869886,0.16454574584960938,122.65252170104984,122.65187273845922
2025-02-25,249.81846618652344,0.2227876663739391,1.0,0.24302774667739868,101.98055549388116,0.1978748321533203,101.7903359588031,101.86668525964919
2025-03-03,252.943603515625,0.24024955938224266,1.0,0.2511966824531555,105.093494613878,0.20200254440307616,104.87877507030728,105.02083234448483
2025-03-10,225.380126953125,0.28938768975189855,1.0,0.2659481465816498,78.88733957425305,0.23133602142333984,78.26050683914295,79.48471279530973
2025-03-14,225.59364318847656,0.30888733191802126,1.0,0.24216650426387787,78.63209391136232,0.20345199584960938,78.16920283093768,80.28724291667369
2025-03-20,231.9701385498047,0.31738473699114694,1.0,0.2422323375940323,84.71688545065874,0.20397035598754884,84.36027404668124,86.36277918127863
2025-03-27,240.81179809570312,0.30954486997080294,1.0,0.23901201784610748,93.2150571485067,0.19209121704101562,92.95832076298484,94.34887968718809
2025-04-02,238.5795745849609,0.2753188357627386,1.0,0.23980799317359924,91.08386746591955,0.200975284576416,90.82409270506312,91.5608097825253
2025-04-08,211.7787170410156,0.4361263000315995,1.0,0.3565293550491333,70.45993841810369,0.2689294242858887,66.4626035938925,75.54228992593232
2025-04-14,229.20965576171875,0.5321792459759771,1.0,0.2556113004684448,82.30477605699829,0.21568702697753905,81.78420836676005,95.75262420295334
2025-04-22,230.0592498779297,0.5423196782601147,1.0,0.2522190511226654,83.07939407381326,0.21422395706176758,82.61977133886802,97.1647243262462
2025-04-28,237.5101318359375,0.5398287677513307,1.0,0.2433840036392212,90.07479687850977,0.2040695571899414,89.77820814572723,102.78411014009173
2025-05-02,246.5820159912109,0.5386319204415708,1.0,0.243573859333992,98.87656073043806,0.2025627899169922,98.66663942383894,110.03056981613942
2025-05-08,247.51950073242188,0.3650829258232136,1.0,0.2423778623342514,99.78758409951232,0.20234291076660157,99.59435354756354,102.16714636759076
2025-05-15,261.2103881835937,0.20210072833619072,1.0,0.2173679620027542,113.10948028678087,0.1859455108642578,113.0691254312899,113.08354053257042
2025-05-21,254.91177368164065,0.18624626043695436,1.0,0.23935438692569733,106.9944401969139,0.1958586883544922,106.85982504734034,106.84910676493496
2025-05-28,257.30426025390625,0.17910142829656017,1.0,0.22724688053131104,109.26452095477453,0.19430370330810548,109.19216176186657,109.18003833180305
2025-06-04,258.0171203613281,0.16818257422347907,1.0,0.22641421854496002,109.980584022268,0.18892023086547852,109.90848624177875,109.89800445132093
2025-06-10,262.2943115234375,0.16171455789428552,1.0,0.22383400797843933,114.17592047819866,0.18863298416137694,114.12420666791397,114.1155766315689
2025-06-16,264.0129699707031,0.15014607620248427,1.0,0.242860347032547,115.91852723367356,0.19499221801757813,115.81417589481808,115.80151436837187
2025-06-23,271.7372741699219,0.1424234112971106,1.0,0.22682330012321472,123.30907999532164,0.19586338043212892,123.27415249554934,123.26593730709834
2025-06-30,283.1040344238281,0.1439164843393801,1.0,0.21545149385929108,134.50020551844207,0.18698421478271485,134.48902674221836,134.48710578051293
2025-07-07,286.4892272949219,0.15803012362463006,1.0,0.2192046195268631,137.9075258835593,0.18952470779418945,137.89614793974536,137.89438724353255
2025-07-11,281.47515869140625,0.20330078213721584,1.0,0.21662892401218414,132.96849351719544,0.1790071678161621,132.95436359999343,132.96020324399097
2025-07-17,284.4580993652344,0.1941919808633449,1.0,0.21765081584453583,135.89665967938166,0.17485906600952147,135.8836319585976,135.88608873605224
2025-07-24,290.9832763671875,0.19144564090388125,1.0,0.21457582712173462,142.32045393521065,0.17150272369384767,142.31284719465094,142.31416214174135
2025-07-30,294.0054626464844,0.1826987863089462,1.0,0.20923303067684174,145.2698570270626,0.16520299911499023,145.26525070121104,145.2657401955964
2025-08-05,285.9004821777344,0.20128219846240086,1.0,0.22096775472164154,137.19410898184324,0.17610727310180663,137.1794500081139,137.18350193417226
2025-08-11,284.1244812011719,0.16404032793736287,1.0,0.21454377472400665,135.43456137683663,0.16871078491210936,135.4230421131236,135.42290923129403
2025-08-18,286.0575256347656,0.17130068082015315,1.0,0.21454377472400665,137.30502321409685,0.16793556213378907,137.29464419870297,137.2947552495264
2025-08-22,290.6791076660156,0.17042449382159958,1.0,0.21545210480690002,141.7963282681537,0.16859893798828124,141.78786298656289,141.78790445175872
2025-08-28,295.4184265136719,0.17303939884059796,1.0,0.20895127952098846,146.42842877712707,0.16660259246826173,146.42416598169197,146.424270673293
2025-09-05,288.8540344238281,0.1792157934992186,1.0,0.22065114974975586,139.75011768486962,0.17013673782348632,139.73710529917224,139.7375097485624
2025-09-11,299.8241577148437,0.18513828728741985,1.0,0.21025007963180542,150.5517521503239,0.1682354164123535,150.54808823848197,150.54850715883674
2025-09-17,305.8979187011719,0.1715030491960023,1.0,0.204112708568573,156.43450240058397,0.16730438232421874,156.43287045450785,156.4328996021934
2025-09-23,306.869384765625,0.1666154843843539,1.0,0.20923303067684174,157.3570403302736,0.16637853622436524,157.35475864336158,157.35475972993743
2025-09-30,309.50885009765625,0.1628316977697405,1.0,0.20966610312461853,159.9517347618406,0.1660446357727051,159.94972381892964,159.9497146272055
2025-10-06,304.8511047363281,0.12456177471121554,1.0,0.2171536087989807,155.3965746095344,0.16497421264648438,155.39214868464595,155.39211527633364
2025-10-10,296.6772155761719,0.11928985132457008,1.0,0.2523285150527954,147.38695717691255,0.18639568328857423,147.34662798558335,147.34590503541685
2025-10-16,294.360107421875,0.1792235122924513,1.0,0.23865193128585815,145.09291997918908,0.1994728660583496,145.07034955114327,145.0682925272063
2025-10-23,290.4161071777344,0.19555824841303232,1.0,0.22096775472164154,141.10915227543015,0.1763160514831543,141.096949746169,141.09894551691195
2025-10-29,301.2325134277344,0.2143228874008341,1.0,0.2212790846824646,151.65398902264855,0.17527492523193358,151.64695148461468,151.65146275837546
2025-11-04,304.920166015625,0.21015494163907522,1.0,0.22401101887226105,155.3701533137991,0.17778003692626954,155.36344775089557,155.36609510617453
2025-11-10,312.45318603515625,0.19837214374860074,1.0,0.20886091887950897,162.75650791830532,0.1760995101928711,162.75495599606714,162.75558000776996
2025-11-17,296.1644592285156,0.2115041916054998,1.0,0.23671264946460724,146.746062006241,0.1957295608520508,146.7265235103375,146.73004673210104
2025-11-21,293.84735107421875,0.20449714747200054,1.0,0.2489621639251709,144.44162856772917,0.1966925811767578,144.40269812316566,144.40433760881885
2025-11-28,308.6965026855469,0.21155750105697052,1.0,0.21765081584453583,158.941078316536,0.1754783058166504,158.93735379140057,158.93978125786685
2025-12-05,310.62908935546875,0.21990168170865,1.0,0.21583352982997894,160.70440790509406,0.16980085372924805,160.70136440108527,160.70536108168932
2025-12-11,312.9363098144531,0.30788310135568037,1.0,0.21675246953964233,162.92189950385944,0.17493850708007813,162.9190661796942,163.07287759689186
2025-12-17,310.5699157714844,0.26893028413469533,1.0,0.2176966667175293,160.55985221651184,0.17575098037719727,160.556393106799,160.60317962343922
2025-12-23,321.3666076660156,0.26700153334977667,1.0,0.20992381870746613,171.1778738848977,0.17351158142089843,171.1768233806881,171.20531618491
2025-12-31,317.70855712890625,0.257229691986414,1.0,0.22116301953792572,167.58340850658283,0.17474489212036132,167.58044978238985,167.6020497618716
2026-01-07,323.8660583496094,0.2801099087558574,1.0,0.2168661504983902,173.58936726301096,0.1748110008239746,173.58780725255318,173.631625976349
2026-01-13,307.9298095703125,0.24085231176416685,1.0,0.22104576230049133,157.99038919611775,0.1879505157470703,157.98570180332854,158.00064481268836
2026-01-20,299.8477478027344,0.26432503519492784,1.0,0.22630690038204193,150.06749511320825,0.19583276748657227,150.05823542071957,150.1166178634331
2026-01-27,297.44097900390625,0.2524841580260285,1.0,0.22087980806827545,147.69666680364134,0.18179019927978515,147.6882335488189,147.72933145426708
2026-02-02,305.1961669921875,0.26463146450136155,1.0,0.22087980806827545,155.32962039284843,0.17766956329345704,155.32396926877766,155.37262775934013
2026-02-06,319.3199462890625,0.2930408323431307,1.0,0.2255181074142456,169.23050343674905,0.1950368309020996,169.22721058789833,169.30684345369235
2026-02-13,299.6595764160156,0.27537363739511006,1.0,0.22979773581027985,149.9151842216272,0.1925785446166992,149.90330978182908,149.99102338289524
2026-02-20,307.82086181640625,0.2559541408250341,1.0,0.22456976771354675,157.9351515649088,0.18373510360717774,157.9291125633536,157.95962625636102
2026-02-26,303.20538330078125,0.2975207001499566,1.0,0.22497820854187012,153.38929727475775,0.185291748046875,153.38147388776744,153.5369561077508
2026-03-04,296.52978515625,0.2999743342511087,1.0,0.22872629761695862,146.84245146934785,0.19142745971679687,146.8293091852451,147.03517977491643
2026-03-11,284.77313232421875,0.24209259220266494,1.0,0.24954469501972198,135.34086577461272,0.21404481887817384,135.289053430934,135.32438750329752
2026-03-17,284.1492004394531,0.22673263752055742,1.0,0.23547527194023132,134.70752711896355,0.19985877990722656,134.675942026004,134.6952376217446
2026-03-23,287.14031982421875,0.21922504661071204,1.0,0.2465273141860962,137.67256614692838,0.20851856231689453,137.62913360447803,137.6357062420981
2026-03-27,280.13787841796875,0.18392423093468044,1.0,0.24876847863197327,130.806069647293,0.219591121673584,130.75117343596034,130.7320122261538
2026-04-06,294.125,0.20808773129849392,1.0,0.2565833628177643,144.56032300560497,0.2081325149536133,144.50922779587333,144.50921345598334
2026-04-10,308.4803161621094,0.23086567897786792,1.0,0.2305677980184555,158.582916016142,0.19600994110107423,158.57507529782134,158.58306103805378
2026-04-16,308.5599670410156,0.23854068773116627,1.0,0.23195604979991913,158.68645162784867,0.1940705680847168,158.67785438682944,158.6903413679864
2026-04-22,311.6161804199219,0.25025113653457626,1.0,0.23980799317359924,161.67235517981604,0.20079538345336914,161.6611415286546,161.680479451925
2026-04-29,307.86309814453125,0.22178418379287462,1.0,0.24263162910938263,157.97986169353763,0.198962459564209,157.96418234777073,157.9684512715534
2026-05-05,308.0124206542969,0.202667840816262,1.0,0.23671264946460724,158.13670637328156,0.18442153930664062,158.12469144325473,158.1258028672817
2026-05-11,298.6545715332031,0.20413120434581358,1.0,0.24506647884845734,148.95285760500013,0.19941556930541993,148.92628324286767,148.92710965463
2026-05-18,299.3813171386719,0.2032823057454637,1.0,0.23905915021896362,149.61349991826646,0.19030399322509767,149.59339364833332,149.59502568364903
2026-05-22,305.0059814453125,0.21113291644540047,1.0,0.2257116585969925,155.15478222000579,0.1854190444946289,155.14732991756455,155.15006871075906
2026-05-29,297.9676818847656,0.2236114442064053,1.0,0.22087980806827545,148.24026255493638,0.1719762420654297,148.23179677087992,148.24172136426023
2026-06-04,309.4957580566406,0.24977831301995623,1.0,0.21548740565776825,159.61489635498688,0.1739688491821289,159.61176668752,159.63338970309692
2026-06-11,312.0840759277344,0.21671212710199234,1.0,0.24140161275863647,162.17356954829745,0.20427871704101563,162.1619244400431,162.1637216135844
2026-06-17,331.9645080566406,0.24501848596232195,1.0,0.23933221399784088,181.7452301157821,0.2044891357421875,181.741102106692,181.74696443162617
2026-06-24,331.95458984375,0.2542053320902791,1.0,0.2416471689939499,181.79827281994233,0.20021114349365235,181.79341187459744,181.8032434642949
2026-06-30,325.86199951171875,0.24418837743957303,1.0,0.22359833121299744,175.86619162654048,0.17833723068237306,175.86402737950158,175.87172578460584
2026-07-08,330.6199951171875,0.2467521814256524,1.0,0.22622071206569672,180.5308266599402,0.18360067367553712,180.5288245974208,180.5359541312215
2026-07-14,342.8900146484375,0.25309852586330917,1.0,0.22012744843959808,192.55940618678167,0.17893987655639648,192.5587407447977,192.56467217409576
2026-07-20,338.8699951171875,0.2225475690788189,1.0,0.243539959192276,188.6178203928287,0.19905010223388672,188.6138311879941,188.61471511806607
2026-07-27,356.20001220703125,0.20288203044932673,1.0,0.24403615295886993,205.78640711931587,0.19795469284057618,205.78455373848087,205.78457913472033
