expiry,T,strike,type,market_price,bid,ask,iv,volume,oi
2026-08-07,0.019178082191780823,270.0,call,71.65,0.0,0.0,1.0000000000000003e-05,,0.0
2026-08-07,0.019178082191780823,295.0,call,41.74,0.0,0.0,1.0000000000000003e-05,1.0,0.0
2026-08-07,0.019178082191780823,300.0,call,48.77,0.0,0.0,1.0000000000000003e-05,1.0,0.0
2026-08-07,0.019178082191780823,305.0,call,31.65,0.0,0.0,1.0000000000000003e-05,1.0,0.0
2026-08-07,0.019178082191780823,310.0,call,43.95,0.0,0.0,1.0000000000000003e-05,1.0,0.0
2026-08-07,0.019178082191780823,315.0,call,41.66,0.0,0.0,1.0000000000000003e-05,10.0,0.0
2026-08-07,0.019178082191780823,320.0,call,36.71,0.0,0.0,1.0000000000000003e-05,10.0,0.0
2026-08-07,0.019178082191780823,325.0,call,24.43,0.0,0.0,1.0000000000000003e-05,2.0,0.0
2026-08-07,0.019178082191780823,330.0,call,20.03,0.0,0.0,1.0000000000000003e-05,5.0,0.0
2026-08-07,0.019178082191780823,332.5,call,17.3,0.0,0.0,1.0000000000000003e-05,4.0,0.0
2026-08-07,0.019178082191780823,335.0,call,12.0,0.0,0.0,1.0000000000000003e-05,13.0,0.0
2026-08-07,0.019178082191780823,337.5,call,10.89,0.0,0.0,1.0000000000000003e-05,3.0,0.0
2026-08-07,0.019178082191780823,340.0,call,10.67,0.0,0.0,1.0000000000000003e-05,22.0,0.0
2026-08-07,0.019178082191780823,342.5,call,7.46,0.0,0.0,1.0000000000000003e-05,17.0,0.0
2026-08-07,0.019178082191780823,345.0,call,5.9,0.0,0.0,0.00196310546875,67.0,0.0
2026-08-07,0.019178082191780823,347.5,call,4.65,0.0,0.0,0.015634843750000002,39.0,0.0
2026-08-07,0.019178082191780823,350.0,call,3.45,0.0,0.0,0.0312596875,423.0,0.0
2026-08-07,0.019178082191780823,352.5,call,2.62,0.0,0.0,0.0312596875,867.0,0.0
2026-08-07,0.019178082191780823,355.0,call,1.86,0.0,0.0,0.0312596875,393.0,0.0
2026-08-07,0.019178082191780823,357.5,call,1.31,0.0,0.0,0.062509375,912.0,0.0
2026-08-07,0.019178082191780823,360.0,call,0.78,0.0,0.0,0.062509375,441.0,0.0
2026-08-07,0.019178082191780823,362.5,call,0.56,0.0,0.0,0.062509375,157.0,0.0
2026-08-07,0.019178082191780823,365.0,call,0.36,0.0,0.0,0.062509375,120.0,0.0
2026-08-07,0.019178082191780823,367.5,call,0.18,0.0,0.0,0.062509375,47.0,0.0
2026-08-07,0.019178082191780823,370.0,call,0.2,0.0,0.0,0.12500875,335.0,0.0
2026-08-07,0.019178082191780823,375.0,call,0.29,0.0,0.0,0.12500875,20.0,0.0
2026-08-07,0.019178082191780823,380.0,call,0.09,0.0,0.0,0.12500875,36.0,0.0
2026-08-07,0.019178082191780823,385.0,call,0.08,0.0,0.0,0.12500875,2.0,0.0
2026-08-07,0.019178082191780823,390.0,call,0.19,0.0,0.0,0.12500875,2.0,0.0
2026-08-07,0.019178082191780823,395.0,call,0.04,0.0,0.0,0.2500075,1.0,0.0
2026-08-07,0.019178082191780823,400.0,call,0.56,0.0,0.0,0.2500075,2.0,0.0
2026-08-07,0.019178082191780823,405.0,call,1.06,0.0,0.0,0.2500075,3.0,0.0
2026-08-07,0.019178082191780823,170.0,put,0.01,0.0,0.0,0.500005,11.0,0.0
2026-08-07,0.019178082191780823,175.0,put,0.01,0.0,0.0,0.500005,105.0,0.0
2026-08-07,0.019178082191780823,195.0,put,0.01,0.0,0.0,0.500005,62.0,0.0
2026-08-07,0.019178082191780823,200.0,put,0.01,0.0,0.0,0.500005,20.0,0.0
2026-08-07,0.019178082191780823,205.0,put,0.18,0.0,0.0,0.500005,4.0,0.0
2026-08-07,0.019178082191780823,210.0,put,0.16,0.0,0.0,0.500005,1.0,0.0
2026-08-07,0.019178082191780823,215.0,put,0.18,0.0,0.0,0.500005,3.0,0.0
2026-08-07,0.019178082191780823,220.0,put,0.18,0.0,0.0,0.500005,1.0,0.0
2026-08-07,0.019178082191780823,225.0,put,0.1,0.0,0.0,0.500005,3.0,0.0
2026-08-07,0.019178082191780823,230.0,put,0.2,0.0,0.0,0.500005,1.0,0.0
2026-08-07,0.019178082191780823,235.0,put,0.2,0.0,0.0,0.500005,2.0,0.0
2026-08-07,0.019178082191780823,240.0,put,0.2,0.0,0.0,0.500005,2.0,0.0
2026-08-07,0.019178082191780823,245.0,put,0.2,0.0,0.0,0.500005,1.0,0.0
2026-08-07,0.019178082191780823,250.0,put,0.02,0.0,0.0,0.500005,,0.0
2026-08-07,0.019178082191780823,255.0,put,0.02,0.0,0.0,0.500005,,0.0
2026-08-07,0.019178082191780823,260.0,put,0.12,0.0,0.0,0.500005,,0.0
2026-08-07,0.019178082191780823,265.0,put,0.1,0.0,0.0,0.2500075,1.0,0.0
2026-08-07,0.019178082191780823,270.0,put,0.2,0.0,0.0,0.2500075,1.0,0.0
2026-08-07,0.019178082191780823,275.0,put,0.02,0.0,0.0,0.2500075,18.0,0.0
2026-08-07,0.019178082191780823,280.0,put,0.18,0.0,0.0,0.2500075,41.0,0.0
2026-08-07,0.019178082191780823,285.0,put,0.4,0.0,0.0,0.2500075,1.0,0.0
2026-08-07,0.019178082191780823,290.0,put,0.12,0.0,0.0,0.2500075,2.0,0.0
2026-08-07,0.019178082191780823,295.0,put,0.14,0.0,0.0,0.2500075,13.0,0.0
2026-08-07,0.019178082191780823,300.0,put,0.05,0.0,0.0,0.2500075,16.0,0.0
2026-08-07,0.019178082191780823,305.0,put,0.19,0.0,0.0,0.12500875,183.0,0.0
2026-08-07,0.019178082191780823,310.0,put,0.08,0.0,0.0,0.12500875,218.0,0.0
2026-08-07,0.019178082191780823,315.0,put,0.11,0.0,0.0,0.12500875,71.0,0.0
2026-08-07,0.019178082191780823,320.0,put,0.2,0.0,0.0,0.12500875,21.0,0.0
2026-08-07,0.019178082191780823,322.5,put,0.45,0.0,0.0,0.12500875,23.0,0.0
2026-08-07,0.019178082191780823,325.0,put,0.6,0.0,0.0,0.062509375,27.0,0.0
2026-08-07,0.019178082191780823,327.5,put,0.75,0.0,0.0,0.062509375,35.0,0.0
2026-08-07,0.019178082191780823,330.0,put,1.15,0.0,0.0,0.062509375,593.0,0.0
2026-08-07,0.019178082191780823,332.5,put,1.46,0.0,0.0,0.062509375,39.0,0.0
2026-08-07,0.019178082191780823,335.0,put,1.95,0.0,0.0,0.0312596875,163.0,0.0
2026-08-07,0.019178082191780823,337.5,put,2.56,0.0,0.0,0.0312596875,68.0,0.0
2026-08-07,0.019178082191780823,340.0,put,3.1,0.0,0.0,0.015634843750000002,228.0,0.0
2026-08-07,0.019178082191780823,342.5,put,4.5,0.0,0.0,0.007822421875,18.0,0.0
2026-08-07,0.019178082191780823,345.0,put,5.04,0.0,0.0,1.0000000000000003e-05,254.0,0.0
2026-08-07,0.019178082191780823,347.5,put,6.57,0.0,0.0,1.0000000000000003e-05,83.0,0.0
2026-08-07,0.019178082191780823,350.0,put,7.85,0.0,0.0,1.0000000000000003e-05,575.0,0.0
2026-08-07,0.019178082191780823,352.5,put,8.26,0.0,0.0,1.0000000000000003e-05,166.0,0.0
2026-08-07,0.019178082191780823,355.0,put,7.9,0.0,0.0,1.0000000000000003e-05,65.0,0.0
2026-08-07,0.019178082191780823,360.0,put,12.8,0.0,0.0,1.0000000000000003e-05,4.0,0.0
2026-08-07,0.019178082191780823,365.0,put,14.36,0.0,0.0,1.0000000000000003e-05,4.0,0.0
2026-08-07,0.019178082191780823,385.0,put,44.95,0.0,0.0,1.0000000000000003e-05,1.0,0.0
2026-08-07,0.019178082191780823,390.0,put,55.57,0.0,0.0,1.0000000000000003e-05,,0.0
2026-08-14,0.038356164383561646,255.0,call,86.5,0.0,0.0,1.0000000000000003e-05,2.0,0.0
2026-08-14,0.038356164383561646,270.0,call,70.15,0.0,0.0,1.0000000000000003e-05,1.0,0.0
2026-08-14,0.038356164383561646,280.0,call,63.2,0.0,0.0,1.0000000000000003e-05,,0.0
2026-08-14,0.038356164383561646,300.0,call,36.0,0.0,0.0,1.0000000000000003e-05,,0.0
2026-08-14,0.038356164383561646,305.0,call,36.81,0.0,0.0,1.0000000000000003e-05,1.0,0.0
2026-08-14,0.038356164383561646,310.0,call,35.56,0.0,0.0,1.0000000000000003e-05,1.0,0.0
2026-08-14,0.038356164383561646,315.0,call,38.3,0.0,0.0,1.0000000000000003e-05,2.0,0.0
2026-08-14,0.038356164383561646,320.0,call,37.15,0.0,0.0,1.0000000000000003e-05,5.0,0.0
2026-08-14,0.038356164383561646,325.0,call,30.3,0.0,0.0,1.0000000000000003e-05,2.0,0.0
2026-08-14,0.038356164383561646,330.0,call,20.56,0.0,0.0,1.0000000000000003e-05,1.0,0.0
2026-08-14,0.038356164383561646,335.0,call,13.93,0.0,0.0,1.0000000000000003e-05,1.0,0.0
2026-08-14,0.038356164383561646,340.0,call,10.93,0.0,0.0,1.0000000000000003e-05,7.0,0.0
2026-08-14,0.038356164383561646,345.0,call,7.45,0.0,0.0,0.000986552734375,18.0,0.0
2026-08-14,0.038356164383561646,350.0,call,4.82,0.0,0.0,0.015634843750000002,219.0,0.0
2026-08-14,0.038356164383561646,355.0,call,3.0,0.0,0.0,0.0312596875,30.0,0.0
2026-08-14,0.038356164383561646,360.0,call,1.6,0.0,0.0,0.062509375,81.0,0.0
2026-08-14,0.038356164383561646,365.0,call,0.95,0.0,0.0,0.062509375,16.0,0.0
2026-08-14,0.038356164383561646,370.0,call,0.43,0.0,0.0,0.062509375,18.0,0.0
2026-08-14,0.038356164383561646,375.0,call,0.33,0.0,0.0,0.062509375,29.0,0.0
2026-08-14,0.038356164383561646,380.0,call,0.72,0.0,0.0,0.12500875,7.0,0.0
2026-08-14,0.038356164383561646,385.0,call,0.3,0.0,0.0,0.12500875,20.0,0.0
2026-08-14,0.038356164383561646,390.0,call,0.17,0.0,0.0,0.12500875,27.0,0.0
2026-08-14,0.038356164383561646,400.0,call,0.59,0.0,0.0,0.12500875,2.0,0.0
2026-08-14,0.038356164383561646,405.0,call,1.08,,0.0,0.12500875,,0.0
2026-08-14,0.038356164383561646,175.0,put,0.01,0.0,0.0,0.500005,,0.0
2026-08-14,0.038356164383561646,260.0,put,0.03,0.0,0.0,0.2500075,1.0,0.0
2026-08-14,0.038356164383561646,270.0,put,0.05,0.0,0.0,0.2500075,1.0,0.0
2026-08-14,0.038356164383561646,275.0,put,0.23,0.0,0.0,0.2500075,1.0,0.0
2026-08-14,0.038356164383561646,280.0,put,0.1,0.0,0.0,0.2500075,1.0,0.0
2026-08-14,0.038356164383561646,285.0,put,0.09,0.0,0.0,0.2500075,1.0,0.0
2026-08-14,0.038356164383561646,290.0,put,0.06,0.0,0.0,0.12500875,1.0,0.0
2026-08-14,0.038356164383561646,295.0,put,0.1,0.0,0.0,0.12500875,1.0,0.0
2026-08-14,0.038356164383561646,300.0,put,0.13,0.0,0.0,0.12500875,10.0,0.0
2026-08-14,0.038356164383561646,305.0,put,0.12,0.0,0.0,0.12500875,8.0,0.0
2026-08-14,0.038356164383561646,310.0,put,0.3,0.0,0.0,0.12500875,13.0,0.0
2026-08-14,0.038356164383561646,315.0,put,0.42,0.0,0.0,0.12500875,7.0,0.0
2026-08-14,0.038356164383561646,320.0,put,0.85,0.0,0.0,0.062509375,34.0,0.0
2026-08-14,0.038356164383561646,325.0,put,1.24,0.0,0.0,0.062509375,88.0,0.0
2026-08-14,0.038356164383561646,330.0,put,2.08,0.0,0.0,0.062509375,77.0,0.0
2026-08-14,0.038356164383561646,335.0,put,2.56,0.0,0.0,0.0312596875,65.0,0.0
2026-08-14,0.038356164383561646,340.0,put,4.38,0.0,0.0,0.015634843750000002,52.0,0.0
2026-08-14,0.038356164383561646,345.0,put,6.15,0.0,0.0,1.0000000000000003e-05,107.0,0.0
2026-08-14,0.038356164383561646,350.0,put,9.2,0.0,0.0,1.0000000000000003e-05,17.0,0.0
2026-08-14,0.038356164383561646,355.0,put,6.35,0.0,0.0,1.0000000000000003e-05,8.0,0.0
2026-08-14,0.038356164383561646,360.0,put,13.6,0.0,0.0,1.0000000000000003e-05,1.0,0.0
2026-08-14,0.038356164383561646,365.0,put,14.75,0.0,0.0,1.0000000000000003e-05,,0.0
2026-08-14,0.038356164383561646,380.0,put,34.65,0.0,0.0,1.0000000000000003e-05,,0.0
2026-08-21,0.057534246575342465,150.0,call,163.72,184.65,188.55,1.0000000000000003e-05,3.0,0.0
2026-08-21,0.057534246575342465,155.0,call,178.45,0.0,0.0,1.0000000000000003e-05,55.0,0.0
2026-08-21,0.057534246575342465,160.0,call,146.8,143.05,146.6,1.0000000000000003e-05,,0.0
2026-08-21,0.057534246575342465,165.0,call,168.68,0.0,0.0,1.0000000000000003e-05,5.0,0.0
2026-08-21,0.057534246575342465,170.0,call,148.55,165.1,169.2,1.0000000000000003e-05,,1.0
2026-08-21,0.057534246575342465,175.0,call,122.0,129.8,132.6,1.0000000000000003e-05,,1.0
2026-08-21,0.057534246575342465,180.0,call,163.63,0.0,0.0,1.0000000000000003e-05,1.0,0.0
2026-08-21,0.057534246575342465,185.0,call,148.45,0.0,0.0,1.0000000000000003e-05,80.0,0.0
2026-08-21,0.057534246575342465,190.0,call,143.4,0.0,0.0,1.0000000000000003e-05,20.0,0.0
2026-08-21,0.057534246575342465,195.0,call,139.1,0.0,0.0,1.0000000000000003e-05,225.0,0.0
2026-08-21,0.057534246575342465,200.0,call,133.67,0.0,0.0,1.0000000000000003e-05,94.0,0.0
2026-08-21,0.057534246575342465,210.0,call,137.58,0.0,0.0,1.0000000000000003e-05,5.0,0.0
2026-08-21,0.057534246575342465,220.0,call,113.5,0.0,0.0,1.0000000000000003e-05,61.0,0.0
2026-08-21,0.057534246575342465,225.0,call,119.7,0.0,0.0,1.0000000000000003e-05,1.0,0.0
2026-08-21,0.057534246575342465,230.0,call,104.02,0.0,0.0,1.0000000000000003e-05,2.0,0.0
2026-08-21,0.057534246575342465,240.0,call,116.72,0.0,0.0,1.0000000000000003e-05,2.0,0.0
2026-08-21,0.057534246575342465,250.0,call,93.5,0.0,0.0,1.0000000000000003e-05,1.0,0.0
2026-08-21,0.057534246575342465,260.0,call,85.23,0.0,0.0,1.0000000000000003e-05,2.0,0.0
2026-08-21,0.057534246575342465,265.0,call,69.88,0.0,0.0,1.0000000000000003e-05,20.0,0.0
2026-08-21,0.057534246575342465,270.0,call,58.55,0.0,0.0,1.0000000000000003e-05,1.0,0.0
2026-08-21,0.057534246575342465,275.0,call,69.45,0.0,0.0,1.0000000000000003e-05,1.0,0.0
2026-08-21,0.057534246575342465,280.0,call,74.6,0.0,0.0,1.0000000000000003e-05,1.0,0.0
2026-08-21,0.057534246575342465,285.0,call,64.61,0.0,0.0,1.0000000000000003e-05,10.0,0.0
2026-08-21,0.057534246575342465,290.0,call,63.9,0.0,0.0,1.0000000000000003e-05,1.0,0.0
2026-08-21,0.057534246575342465,295.0,call,62.18,0.0,0.0,1.0000000000000003e-05,1.0,0.0
2026-08-21,0.057534246575342465,300.0,call,46.81,0.0,0.0,1.0000000000000003e-05,5.0,0.0
2026-08-21,0.057534246575342465,305.0,call,45.1,0.0,0.0,1.0000000000000003e-05,1.0,0.0
2026-08-21,0.057534246575342465,310.0,call,41.52,0.0,0.0,1.0000000000000003e-05,1.0,0.0
2026-08-21,0.057534246575342465,315.0,call,35.25,0.0,0.0,1.0000000000000003e-05,1.0,0.0
2026-08-21,0.057534246575342465,320.0,call,27.75,0.0,0.0,1.0000000000000003e-05,207.0,0.0
2026-08-21,0.057534246575342465,322.5,call,25.75,0.0,0.0,1.0000000000000003e-05,,0.0
2026-08-21,0.057534246575342465,325.0,call,26.6,0.0,0.0,1.0000000000000003e-05,2.0,0.0
2026-08-21,0.057534246575342465,327.5,call,24.54,0.0,0.0,1.0000000000000003e-05,,0.0
2026-08-21,0.057534246575342465,330.0,call,18.19,0.0,0.0,1.0000000000000003e-05,91.0,0.0
2026-08-21,0.057534246575342465,332.5,call,18.87,0.0,0.0,1.0000000000000003e-05,22.0,0.0
2026-08-21,0.057534246575342465,335.0,call,15.25,0.0,0.0,1.0000000000000003e-05,313.0,0.0
2026-08-21,0.057534246575342465,337.5,call,13.28,0.0,0.0,1.0000000000000003e-05,4.0,0.0
2026-08-21,0.057534246575342465,340.0,call,11.58,0.0,0.0,1.0000000000000003e-05,438.0,0.0
2026-08-21,0.057534246575342465,342.5,call,10.1,0.0,0.0,1.0000000000000003e-05,27.0,0.0
2026-08-21,0.057534246575342465,345.0,call,8.49,0.0,0.0,0.000986552734375,578.0,0.0
2026-08-21,0.057534246575342465,347.5,call,6.98,0.0,0.0,0.007822421875,15.0,0.0
2026-08-21,0.057534246575342465,350.0,call,6.1,0.0,0.0,0.015634843750000002,649.0,0.0
2026-08-21,0.057534246575342465,352.5,call,5.28,0.0,0.0,0.015634843750000002,25.0,0.0
2026-08-21,0.057534246575342465,355.0,call,3.95,0.0,0.0,0.0312596875,3443.0,0.0
2026-08-21,0.057534246575342465,357.5,call,3.25,0.0,0.0,0.0312596875,17.0,0.0
2026-08-21,0.057534246575342465,360.0,call,2.63,0.0,0.0,0.0312596875,339.0,0.0
2026-08-21,0.057534246575342465,362.5,call,1.71,0.0,0.0,0.0312596875,16.0,0.0
2026-08-21,0.057534246575342465,365.0,call,1.63,0.0,0.0,0.062509375,3167.0,0.0
2026-08-21,0.057534246575342465,367.5,call,1.24,0.0,0.0,0.062509375,15.0,0.0
2026-08-21,0.057534246575342465,370.0,call,1.09,0.0,0.0,0.062509375,147.0,0.0
2026-08-21,0.057534246575342465,375.0,call,0.61,0.0,0.0,0.062509375,88.0,0.0
2026-08-21,0.057534246575342465,380.0,call,0.24,0.0,0.0,0.062509375,57.0,0.0
2026-08-21,0.057534246575342465,385.0,call,0.18,0.0,0.0,0.12500875,2.0,0.0
2026-08-21,0.057534246575342465,390.0,call,0.44,0.0,0.0,0.12500875,5.0,0.0
2026-08-21,0.057534246575342465,395.0,call,0.05,0.0,0.0,0.12500875,6.0,0.0
2026-08-21,0.057534246575342465,400.0,call,0.15,0.0,0.0,0.12500875,13.0,0.0
2026-08-21,0.057534246575342465,405.0,call,0.15,0.0,0.0,0.12500875,1.0,0.0
2026-08-21,0.057534246575342465,410.0,call,0.09,0.0,0.0,0.12500875,3.0,0.0
2026-08-21,0.057534246575342465,420.0,call,0.08,0.0,0.0,0.12500875,1.0,0.0
2026-08-21,0.057534246575342465,425.0,call,0.06,0.0,0.0,0.12500875,11.0,0.0
2026-08-21,0.057534246575342465,430.0,call,0.01,0.0,0.0,0.12500875,1.0,0.0
2026-08-21,0.057534246575342465,435.0,call,0.06,0.0,0.0,0.2500075,,0.0
2026-08-21,0.057534246575342465,440.0,call,0.53,0.0,0.0,0.2500075,2.0,0.0
2026-08-21,0.057534246575342465,445.0,call,0.19,0.0,0.0,0.2500075,2.0,0.0
2026-08-21,0.057534246575342465,450.0,call,0.02,0.0,0.0,0.2500075,2.0,0.0
2026-08-21,0.057534246575342465,460.0,call,0.09,0.0,0.0,0.2500075,4.0,0.0
2026-08-21,0.057534246575342465,470.0,call,0.15,0.0,0.0,0.2500075,2.0,0.0
2026-08-21,0.057534246575342465,475.0,call,0.1,0.0,0.0,0.2500075,1.0,0.0
2026-08-21,0.057534246575342465,490.0,call,0.01,0.0,0.0,0.2500075,,0.0
2026-08-21,0.057534246575342465,145.0,put,0.09,0.0,2.12,1.8032236401367183,6.0,48.0
2026-08-21,0.057534246575342465,150.0,put,0.11,0.0,1.24,1.5966817041015622,2.0,13.0
2026-08-21,0.057534246575342465,155.0,put,0.1,0.0,0.0,0.500005,3.0,0.0
2026-08-21,0.057534246575342465,160.0,put,0.02,0.0,0.0,0.500005,10.0,0.0
2026-08-21,0.057534246575342465,165.0,put,0.02,0.0,0.0,0.500005,20.0,0.0
2026-08-21,0.057534246575342465,170.0,put,0.31,0.0,0.72,1.272464575195312,30.0,47.0
2026-08-21,0.057534246575342465,175.0,put,0.11,0.0,0.0,0.500005,5.0,0.0
2026-08-21,0.057534246575342465,180.0,put,0.1,0.0,0.0,0.500005,6.0,0.0
2026-08-21,0.057534246575342465,185.0,put,1.06,0.0,0.0,0.500005,4.0,0.0
2026-08-21,0.057534246575342465,190.0,put,0.06,0.0,0.0,0.500005,55.0,0.0
2026-08-21,0.057534246575342465,195.0,put,0.17,0.0,2.13,1.241703010253906,1.0,99.0
2026-08-21,0.057534246575342465,200.0,put,0.01,0.0,0.0,0.500005,1.0,0.0
2026-08-21,0.057534246575342465,205.0,put,0.06,0.0,0.0,0.500005,,0.0
2026-08-21,0.057534246575342465,210.0,put,0.01,0.0,0.0,0.500005,3.0,0.0
2026-08-21,0.057534246575342465,215.0,put,0.02,0.0,0.0,0.500005,3.0,0.0
2026-08-21,0.057534246575342465,220.0,put,0.08,0.0,0.0,0.2500075,12.0,0.0
2026-08-21,0.057534246575342465,225.0,put,0.05,0.0,0.0,0.2500075,1.0,0.0
2026-08-21,0.057534246575342465,230.0,put,0.02,0.0,0.0,0.2500075,1.0,0.0
2026-08-21,0.057534246575342465,235.0,put,0.02,0.0,0.0,0.2500075,1.0,0.0
2026-08-21,0.057534246575342465,240.0,put,0.1,0.0,0.0,0.2500075,1.0,0.0
2026-08-21,0.057534246575342465,245.0,put,0.01,0.0,0.0,0.2500075,47.0,0.0
2026-08-21,0.057534246575342465,250.0,put,0.05,0.0,0.0,0.2500075,2.0,0.0
2026-08-21,0.057534246575342465,255.0,put,0.11,0.0,0.0,0.2500075,3.0,0.0
2026-08-21,0.057534246575342465,260.0,put,0.05,0.0,0.0,0.2500075,3.0,0.0
2026-08-21,0.057534246575342465,265.0,put,0.02,0.0,0.0,0.2500075,14.0,0.0
2026-08-21,0.057534246575342465,270.0,put,0.08,0.0,0.0,0.2500075,5.0,0.0
2026-08-21,0.057534246575342465,275.0,put,0.05,0.0,0.0,0.2500075,4.0,0.0
2026-08-21,0.057534246575342465,280.0,put,0.1,0.0,0.0,0.12500875,18.0,0.0
2026-08-21,0.057534246575342465,285.0,put,0.1,0.0,0.0,0.12500875,24.0,0.0
2026-08-21,0.057534246575342465,290.0,put,0.1,0.0,0.0,0.12500875,53.0,0.0
2026-08-21,0.057534246575342465,295.0,put,0.2,0.0,0.0,0.12500875,19.0,0.0
2026-08-21,0.057534246575342465,300.0,put,0.24,0.0,0.0,0.12500875,41.0,0.0
2026-08-21,0.057534246575342465,305.0,put,0.45,0.0,0.0,0.12500875,1.0,0.0
2026-08-21,0.057534246575342465,310.0,put,0.42,0.0,0.0,0.12500875,6.0,0.0
2026-08-21,0.057534246575342465,315.0,put,0.91,0.0,0.0,0.062509375,183.0,0.0
2026-08-21,0.057534246575342465,320.0,put,1.33,0.0,0.0,0.062509375,147.0,0.0
2026-08-21,0.057534246575342465,322.5,put,1.34,0.0,0.0,0.062509375,30.0,0.0
2026-08-21,0.057534246575342465,325.0,put,2.04,0.0,0.0,0.062509375,268.0,0.0
2026-08-21,0.057534246575342465,327.5,put,2.38,0.0,0.0,0.062509375,294.0,0.0
2026-08-21,0.057534246575342465,330.0,put,2.8,0.0,0.0,0.0312596875,232.0,0.0
2026-08-21,0.057534246575342465,332.5,put,3.44,0.0,0.0,0.0312596875,228.0,0.0
2026-08-21,0.057534246575342465,335.0,put,3.65,0.0,0.0,0.0312596875,1283.0,0.0
2026-08-21,0.057534246575342465,337.5,put,4.9,0.0,0.0,0.015634843750000002,221.0,0.0
2026-08-21,0.057534246575342465,340.0,put,5.8,0.0,0.0,0.015634843750000002,1306.0,0.0
2026-08-21,0.057534246575342465,342.5,put,6.5,0.0,0.0,0.007822421875,29.0,0.0
2026-08-21,0.057534246575342465,345.0,put,7.75,0.0,0.0,1.0000000000000003e-05,211.0,0.0
2026-08-21,0.057534246575342465,347.5,put,8.57,0.0,0.0,1.0000000000000003e-05,8.0,0.0
2026-08-21,0.057534246575342465,350.0,put,10.0,0.0,0.0,1.0000000000000003e-05,74.0,0.0
2026-08-21,0.057534246575342465,352.5,put,9.3,0.0,0.0,1.0000000000000003e-05,217.0,0.0
2026-08-21,0.057534246575342465,355.0,put,13.0,0.0,0.0,1.0000000000000003e-05,30.0,0.0
2026-08-21,0.057534246575342465,357.5,put,12.39,0.0,0.0,1.0000000000000003e-05,4.0,0.0
2026-08-21,0.057534246575342465,360.0,put,14.23,0.0,0.0,1.0000000000000003e-05,26.0,0.0
2026-08-21,0.057534246575342465,362.5,put,13.48,0.0,0.0,1.0000000000000003e-05,14.0,0.0
2026-08-21,0.057534246575342465,365.0,put,15.11,0.0,0.0,1.0000000000000003e-05,28.0,0.0
2026-08-21,0.057534246575342465,370.0,put,21.8,0.0,0.0,1.0000000000000003e-05,27.0,0.0
2026-08-21,0.057534246575342465,375.0,put,23.45,0.0,0.0,1.0000000000000003e-05,1.0,0.0
2026-08-21,0.057534246575342465,380.0,put,30.5,0.0,0.0,1.0000000000000003e-05,2.0,0.0
2026-08-21,0.057534246575342465,385.0,put,28.6,0.0,0.0,1.0000000000000003e-05,2.0,0.0
2026-08-21,0.057534246575342465,390.0,put,88.4,57.4,58.5,0.8187273986816406,,1.0
2026-08-21,0.057534246575342465,400.0,put,75.9,0.0,0.0,1.0000000000000003e-05,1.0,0.0
2026-08-21,0.057534246575342465,420.0,put,113.8,83.6,87.0,0.9381720050048827,1.0,0.0
2026-08-21,0.057534246575342465,440.0,put,126.25,103.0,106.9,1.0455369989013674,,0.0
2026-08-28,0.07671232876712329,175.0,call,172.4,0.0,0.0,1.0000000000000003e-05,2.0,0.0
2026-08-28,0.07671232876712329,190.0,call,150.3,0.0,0.0,1.0000000000000003e-05,,0.0
2026-08-28,0.07671232876712329,230.0,call,117.5,0.0,0.0,1.0000000000000003e-05,2.0,0.0
2026-08-28,0.07671232876712329,235.0,call,111.85,0.0,0.0,1.0000000000000003e-05,142.0,0.0
2026-08-28,0.07671232876712329,240.0,call,101.55,0.0,0.0,1.0000000000000003e-05,1.0,0.0
2026-08-28,0.07671232876712329,245.0,call,96.7,0.0,0.0,1.0000000000000003e-05,20.0,0.0
2026-08-28,0.07671232876712329,250.0,call,91.95,0.0,0.0,1.0000000000000003e-05,2.0,0.0
2026-08-28,0.07671232876712329,255.0,call,93.6,0.0,0.0,1.0000000000000003e-05,6.0,0.0
2026-08-28,0.07671232876712329,260.0,call,86.7,0.0,0.0,1.0000000000000003e-05,2.0,0.0
2026-08-28,0.07671232876712329,265.0,call,83.9,0.0,0.0,1.0000000000000003e-05,238.0,0.0
2026-08-28,0.07671232876712329,270.0,call,71.95,0.0,0.0,1.0000000000000003e-05,3.0,0.0
2026-08-28,0.07671232876712329,275.0,call,67.45,0.0,0.0,1.0000000000000003e-05,17.0,0.0
2026-08-28,0.07671232876712329,280.0,call,69.75,0.0,0.0,1.0000000000000003e-05,130.0,0.0
2026-08-28,0.07671232876712329,285.0,call,63.3,0.0,0.0,1.0000000000000003e-05,2.0,0.0
2026-08-28,0.07671232876712329,290.0,call,53.25,0.0,0.0,1.0000000000000003e-05,,0.0
2026-08-28,0.07671232876712329,295.0,call,47.9,0.0,0.0,1.0000000000000003e-05,2.0,0.0
2026-08-28,0.07671232876712329,300.0,call,50.95,0.0,0.0,1.0000000000000003e-05,2.0,0.0
2026-08-28,0.07671232876712329,305.0,call,37.55,0.0,0.0,1.0000000000000003e-05,,0.0
2026-08-28,0.07671232876712329,310.0,call,41.85,0.0,0.0,1.0000000000000003e-05,2.0,0.0
2026-08-28,0.07671232876712329,315.0,call,36.05,0.0,0.0,1.0000000000000003e-05,2.0,0.0
2026-08-28,0.07671232876712329,320.0,call,29.95,0.0,0.0,1.0000000000000003e-05,2.0,0.0
2026-08-28,0.07671232876712329,325.0,call,34.7,0.0,0.0,1.0000000000000003e-05,1.0,0.0
2026-08-28,0.07671232876712329,330.0,call,28.58,0.0,0.0,1.0000000000000003e-05,5.0,0.0
2026-08-28,0.07671232876712329,335.0,call,18.0,0.0,0.0,1.0000000000000003e-05,12.0,0.0
2026-08-28,0.07671232876712329,340.0,call,12.6,0.0,0.0,1.0000000000000003e-05,41.0,0.0
2026-08-28,0.07671232876712329,345.0,call,9.15,0.0,0.0,0.000986552734375,33.0,0.0
2026-08-28,0.07671232876712329,350.0,call,7.2,0.0,0.0,0.015634843750000002,241.0,0.0
2026-08-28,0.07671232876712329,355.0,call,6.2,0.0,0.0,0.0312596875,77.0,0.0
2026-08-28,0.07671232876712329,360.0,call,3.45,0.0,0.0,0.0312596875,26.0,0.0
2026-08-28,0.07671232876712329,365.0,call,2.05,0.0,0.0,0.0312596875,35.0,0.0
2026-08-28,0.07671232876712329,370.0,call,1.22,0.0,0.0,0.062509375,18.0,0.0
2026-08-28,0.07671232876712329,375.0,call,0.94,0.0,0.0,0.062509375,794.0,0.0
2026-08-28,0.07671232876712329,380.0,call,0.54,0.0,0.0,0.062509375,7.0,0.0
2026-08-28,0.07671232876712329,385.0,call,0.59,0.0,0.0,0.062509375,56.0,0.0
2026-08-28,0.07671232876712329,390.0,call,0.38,0.0,0.0,0.12500875,2.0,0.0
2026-08-28,0.07671232876712329,395.0,call,0.5,0.0,0.0,0.12500875,4.0,0.0
2026-08-28,0.07671232876712329,400.0,call,0.22,0.0,0.0,0.12500875,5.0,0.0
2026-08-28,0.07671232876712329,405.0,call,0.68,0.0,0.0,0.12500875,1.0,0.0
2026-08-28,0.07671232876712329,230.0,put,0.1,0.0,0.0,0.2500075,,0.0
2026-08-28,0.07671232876712329,255.0,put,0.44,0.0,0.0,0.2500075,,0.0
2026-08-28,0.07671232876712329,260.0,put,0.31,0.0,0.0,0.2500075,,0.0
2026-08-28,0.07671232876712329,265.0,put,0.12,0.0,0.0,0.2500075,2.0,0.0
2026-08-28,0.07671232876712329,270.0,put,0.09,0.0,0.0,0.12500875,,0.0
2026-08-28,0.07671232876712329,275.0,put,0.16,0.0,0.0,0.12500875,2.0,0.0
2026-08-28,0.07671232876712329,280.0,put,0.17,0.0,0.0,0.12500875,23.0,0.0
2026-08-28,0.07671232876712329,285.0,put,0.38,0.0,0.0,0.12500875,5.0,0.0
2026-08-28,0.07671232876712329,290.0,put,0.37,0.0,0.0,0.12500875,1.0,0.0
2026-08-28,0.07671232876712329,295.0,put,0.72,0.0,0.0,0.12500875,1.0,0.0
2026-08-28,0.07671232876712329,300.0,put,0.5,0.0,0.0,0.12500875,15.0,0.0
2026-08-28,0.07671232876712329,305.0,put,0.58,0.0,0.0,0.12500875,1.0,0.0
2026-08-28,0.07671232876712329,310.0,put,0.88,0.0,0.0,0.062509375,4.0,0.0
2026-08-28,0.07671232876712329,315.0,put,1.41,0.0,0.0,0.062509375,21.0,0.0
2026-08-28,0.07671232876712329,320.0,put,1.97,0.0,0.0,0.062509375,22.0,0.0
2026-08-28,0.07671232876712329,325.0,put,2.5,0.0,0.0,0.062509375,37.0,0.0
2026-08-28,0.07671232876712329,330.0,put,3.72,0.0,0.0,0.0312596875,45.0,0.0
2026-08-28,0.07671232876712329,335.0,put,4.4,0.0,0.0,0.0312596875,12.0,0.0
2026-08-28,0.07671232876712329,340.0,put,6.0,0.0,0.0,0.015634843750000002,32.0,0.0
2026-08-28,0.07671232876712329,345.0,put,8.4,0.0,0.0,1.0000000000000003e-05,23.0,0.0
2026-08-28,0.07671232876712329,350.0,put,10.42,0.0,0.0,1.0000000000000003e-05,97.0,0.0
2026-08-28,0.07671232876712329,355.0,put,14.15,0.0,0.0,1.0000000000000003e-05,25.0,0.0
2026-08-28,0.07671232876712329,360.0,put,15.13,0.0,0.0,1.0000000000000003e-05,3.0,0.0
2026-08-28,0.07671232876712329,365.0,put,19.5,0.0,0.0,1.0000000000000003e-05,1.0,0.0
2026-08-28,0.07671232876712329,370.0,put,19.05,0.0,0.0,1.0000000000000003e-05,2.0,0.0
2026-08-28,0.07671232876712329,380.0,put,29.0,0.0,0.0,1.0000000000000003e-05,,0.0
2026-08-28,0.07671232876712329,390.0,put,43.35,0.0,0.0,1.0000000000000003e-05,2.0,0.0
2026-08-28,0.07671232876712329,395.0,put,55.0,0.0,0.0,1.0000000000000003e-05,20.0,0.0
2026-08-28,0.07671232876712329,400.0,put,53.35,0.0,0.0,1.0000000000000003e-05,22.0,0.0
2026-09-04,0.0958904109589041,290.0,call,60.3,0.0,0.0,1.0000000000000003e-05,,
2026-09-04,0.0958904109589041,295.0,call,55.35,0.0,0.0,1.0000000000000003e-05,,
2026-09-04,0.0958904109589041,305.0,call,45.95,0.0,0.0,1.0000000000000003e-05,,
2026-09-04,0.0958904109589041,310.0,call,43.05,0.0,0.0,1.0000000000000003e-05,34.0,0.0
2026-09-04,0.0958904109589041,315.0,call,44.15,0.0,0.0,1.0000000000000003e-05,12.0,0.0
2026-09-04,0.0958904109589041,320.0,call,36.04,0.0,0.0,1.0000000000000003e-05,3.0,0.0
2026-09-04,0.0958904109589041,325.0,call,28.15,0.0,0.0,1.0000000000000003e-05,,0.0
2026-09-04,0.0958904109589041,330.0,call,24.2,0.0,0.0,1.0000000000000003e-05,,0.0
2026-09-04,0.0958904109589041,335.0,call,19.85,0.0,0.0,1.0000000000000003e-05,5.0,0.0
2026-09-04,0.0958904109589041,345.0,call,11.0,0.0,0.0,0.000986552734375,10.0,0.0
2026-09-04,0.0958904109589041,350.0,call,8.0,0.0,0.0,0.015634843750000002,7.0,0.0
2026-09-04,0.0958904109589041,355.0,call,7.5,0.0,0.0,0.015634843750000002,26.0,0.0
2026-09-04,0.0958904109589041,360.0,call,4.48,0.0,0.0,0.0312596875,13.0,0.0
2026-09-04,0.0958904109589041,365.0,call,4.83,0.0,0.0,0.0312596875,1.0,0.0
2026-09-04,0.0958904109589041,370.0,call,2.94,0.0,0.0,0.062509375,4.0,0.0
2026-09-04,0.0958904109589041,375.0,call,1.5,0.0,0.0,0.062509375,2.0,0.0
2026-09-04,0.0958904109589041,380.0,call,1.3,0.0,0.0,0.062509375,2.0,0.0
2026-09-04,0.0958904109589041,385.0,call,2.5,0.0,0.0,0.062509375,3.0,0.0
2026-09-04,0.0958904109589041,280.0,put,0.3,0.0,0.0,0.12500875,,0.0
2026-09-04,0.0958904109589041,300.0,put,0.8,0.0,0.0,0.12500875,1.0,0.0
2026-09-04,0.0958904109589041,310.0,put,1.14,0.0,0.0,0.062509375,17.0,0.0
2026-09-04,0.0958904109589041,315.0,put,1.21,0.0,0.0,0.062509375,6.0,0.0
2026-09-04,0.0958904109589041,320.0,put,2.44,0.0,0.0,0.062509375,10.0,0.0
2026-09-04,0.0958904109589041,325.0,put,3.29,0.0,0.0,0.0312596875,9.0,0.0
2026-09-04,0.0958904109589041,330.0,put,4.12,0.0,0.0,0.0312596875,10.0,0.0
2026-09-04,0.0958904109589041,335.0,put,5.67,0.0,0.0,0.015634843750000002,15.0,0.0
2026-09-04,0.0958904109589041,340.0,put,6.7,0.0,0.0,0.007822421875,5.0,0.0
2026-09-04,0.0958904109589041,345.0,put,8.12,0.0,0.0,1.0000000000000003e-05,5.0,0.0
2026-09-04,0.0958904109589041,350.0,put,9.22,0.0,0.0,1.0000000000000003e-05,1.0,0.0
2026-09-04,0.0958904109589041,355.0,put,10.65,0.0,0.0,1.0000000000000003e-05,16.0,0.0
2026-09-04,0.0958904109589041,360.0,put,12.05,0.0,0.0,1.0000000000000003e-05,2.0,0.0
2026-09-04,0.0958904109589041,365.0,put,19.0,0.0,0.0,1.0000000000000003e-05,8.0,0.0
2026-09-04,0.0958904109589041,385.0,put,29.75,0.0,0.0,1.0000000000000003e-05,10.0,0.0
2026-09-04,0.0958904109589041,390.0,put,42.1,0.0,0.0,1.0000000000000003e-05,,
2026-09-18,0.13424657534246576,130.0,call,181.18,177.0,180.65,1.0000000000000003e-05,1.0,3.0
2026-09-18,0.13424657534246576,135.0,call,211.45,0.0,0.0,1.0000000000000003e-05,1.0,0.0
2026-09-18,0.13424657534246576,140.0,call,187.47,166.3,170.25,1.0000000000000003e-05,4.0,0.0
2026-09-18,0.13424657534246576,150.0,call,154.9,152.9,157.0,1.0000000000000003e-05,,2.0
2026-09-18,0.13424657534246576,160.0,call,200.0,0.0,0.0,1.0000000000000003e-05,1.0,0.0
2026-09-18,0.13424657534246576,165.0,call,170.58,137.1,140.95,1.0000000000000003e-05,2.0,70.0
2026-09-18,0.13424657534246576,170.0,call,159.95,0.0,0.0,1.0000000000000003e-05,1.0,0.0
2026-09-18,0.13424657534246576,175.0,call,127.02,0.0,0.0,1.0000000000000003e-05,10.0,0.0
2026-09-18,0.13424657534246576,180.0,call,153.87,0.0,0.0,1.0000000000000003e-05,5.0,0.0
2026-09-18,0.13424657534246576,185.0,call,149.31,0.0,0.0,1.0000000000000003e-05,77.0,0.0
2026-09-18,0.13424657534246576,190.0,call,144.05,0.0,0.0,1.0000000000000003e-05,5.0,0.0
2026-09-18,0.13424657534246576,195.0,call,140.4,0.0,0.0,1.0000000000000003e-05,20.0,0.0
2026-09-18,0.13424657534246576,200.0,call,149.95,0.0,0.0,1.0000000000000003e-05,10.0,0.0
2026-09-18,0.13424657534246576,205.0,call,135.96,0.0,0.0,1.0000000000000003e-05,6.0,0.0
2026-09-18,0.13424657534246576,210.0,call,130.75,0.0,0.0,1.0000000000000003e-05,1.0,0.0
2026-09-18,0.13424657534246576,215.0,call,119.6,0.0,0.0,1.0000000000000003e-05,2.0,0.0
2026-09-18,0.13424657534246576,220.0,call,126.5,0.0,0.0,1.0000000000000003e-05,1.0,0.0
2026-09-18,0.13424657534246576,225.0,call,121.6,0.0,0.0,1.0000000000000003e-05,3.0,0.0
2026-09-18,0.13424657534246576,230.0,call,105.15,0.0,0.0,1.0000000000000003e-05,11.0,0.0
2026-09-18,0.13424657534246576,235.0,call,120.47,0.0,0.0,1.0000000000000003e-05,10.0,0.0
2026-09-18,0.13424657534246576,240.0,call,89.58,0.0,0.0,1.0000000000000003e-05,1.0,0.0
2026-09-18,0.13424657534246576,245.0,call,99.34,0.0,0.0,1.0000000000000003e-05,3.0,0.0
2026-09-18,0.13424657534246576,250.0,call,101.32,0.0,0.0,1.0000000000000003e-05,5.0,0.0
2026-09-18,0.13424657534246576,255.0,call,89.35,0.0,0.0,1.0000000000000003e-05,1.0,0.0
2026-09-18,0.13424657534246576,260.0,call,86.0,0.0,0.0,1.0000000000000003e-05,1.0,0.0
2026-09-18,0.13424657534246576,265.0,call,71.35,0.0,0.0,1.0000000000000003e-05,10.0,0.0
2026-09-18,0.13424657534246576,270.0,call,89.85,0.0,0.0,1.0000000000000003e-05,2.0,0.0
2026-09-18,0.13424657534246576,275.0,call,71.15,0.0,0.0,1.0000000000000003e-05,5.0,0.0
2026-09-18,0.13424657534246576,280.0,call,77.7,0.0,0.0,1.0000000000000003e-05,1.0,0.0
2026-09-18,0.13424657534246576,285.0,call,67.28,0.0,0.0,1.0000000000000003e-05,2.0,0.0
2026-09-18,0.13424657534246576,290.0,call,68.02,0.0,0.0,1.0000000000000003e-05,1.0,0.0
2026-09-18,0.13424657534246576,295.0,call,57.27,0.0,0.0,1.0000000000000003e-05,2.0,0.0
2026-09-18,0.13424657534246576,300.0,call,50.67,0.0,0.0,1.0000000000000003e-05,20.0,0.0
2026-09-18,0.13424657534246576,305.0,call,56.22,0.0,0.0,1.0000000000000003e-05,1.0,0.0
2026-09-18,0.13424657534246576,310.0,call,49.54,0.0,0.0,1.0000000000000003e-05,15.0,0.0
2026-09-18,0.13424657534246576,315.0,call,44.35,0.0,0.0,1.0000000000000003e-05,1.0,0.0
2026-09-18,0.13424657534246576,320.0,call,30.6,0.0,0.0,1.0000000000000003e-05,15.0,0.0
2026-09-18,0.13424657534246576,325.0,call,29.9,0.0,0.0,1.0000000000000003e-05,59.0,0.0
2026-09-18,0.13424657534246576,330.0,call,22.5,0.0,0.0,1.0000000000000003e-05,15.0,0.0
2026-09-18,0.13424657534246576,335.0,call,18.75,0.0,0.0,1.0000000000000003e-05,14.0,0.0
2026-09-18,0.13424657534246576,340.0,call,16.1,0.0,0.0,1.0000000000000003e-05,49.0,0.0
2026-09-18,0.13424657534246576,345.0,call,12.45,0.0,0.0,0.000986552734375,83.0,0.0
2026-09-18,0.13424657534246576,350.0,call,10.37,0.0,0.0,0.007822421875,689.0,0.0
2026-09-18,0.13424657534246576,355.0,call,8.1,0.0,0.0,0.015634843750000002,502.0,0.0
2026-09-18,0.13424657534246576,360.0,call,5.85,0.0,0.0,0.0312596875,836.0,0.0
2026-09-18,0.13424657534246576,365.0,call,4.65,0.0,0.0,0.0312596875,102.0,0.0
2026-09-18,0.13424657534246576,370.0,call,3.3,0.0,0.0,0.0312596875,189.0,0.0
2026-09-18,0.13424657534246576,375.0,call,2.21,0.0,0.0,0.062509375,143.0,0.0
2026-09-18,0.13424657534246576,380.0,call,1.73,0.0,0.0,0.062509375,116.0,0.0
2026-09-18,0.13424657534246576,385.0,call,1.07,0.0,0.0,0.062509375,13.0,0.0
2026-09-18,0.13424657534246576,390.0,call,0.92,0.0,0.0,0.062509375,18.0,0.0
2026-09-18,0.13424657534246576,395.0,call,0.81,0.0,0.0,0.062509375,35.0,0.0
2026-09-18,0.13424657534246576,400.0,call,0.39,0.0,0.0,0.062509375,61.0,0.0
2026-09-18,0.13424657534246576,405.0,call,0.27,0.0,0.0,0.062509375,66.0,0.0
2026-09-18,0.13424657534246576,410.0,call,0.18,0.0,0.0,0.12500875,61.0,0.0
2026-09-18,0.13424657534246576,415.0,call,0.14,0.0,0.0,0.12500875,6.0,0.0
2026-09-18,0.13424657534246576,420.0,call,0.13,0.0,0.0,0.12500875,3.0,0.0
2026-09-18,0.13424657534246576,425.0,call,0.21,0.0,0.0,0.12500875,54.0,0.0
2026-09-18,0.13424657534246576,430.0,call,0.14,0.0,0.0,0.12500875,26.0,0.0
2026-09-18,0.13424657534246576,435.0,call,0.23,0.0,0.0,0.12500875,1.0,0.0
2026-09-18,0.13424657534246576,440.0,call,0.25,0.0,0.46,0.33350275878906255,1.0,104.0
2026-09-18,0.13424657534246576,445.0,call,0.13,0.0,0.0,0.12500875,2.0,0.0
2026-09-18,0.13424657534246576,450.0,call,0.13,0.0,0.0,0.12500875,5.0,0.0
2026-09-18,0.13424657534246576,455.0,call,0.48,0.01,0.93,0.41760836303710935,,1.0
2026-09-18,0.13424657534246576,460.0,call,0.02,0.0,0.0,0.12500875,15.0,0.0
2026-09-18,0.13424657534246576,470.0,call,0.25,0.0,0.0,0.12500875,2.0,0.0
2026-09-18,0.13424657534246576,475.0,call,0.14,0.0,2.15,0.551762294921875,,11.0
2026-09-18,0.13424657534246576,490.0,call,0.25,0.0,0.0,0.2500075,2.0,0.0
2026-09-18,0.13424657534246576,130.0,put,0.04,0.0,0.0,0.500005,89.0,0.0
2026-09-18,0.13424657534246576,135.0,put,0.04,0.0,0.0,0.500005,14.0,0.0
2026-09-18,0.13424657534246576,140.0,put,0.13,0.0,0.0,0.500005,1.0,0.0
2026-09-18,0.13424657534246576,145.0,put,0.04,0.0,0.0,0.500005,2.0,0.0
2026-09-18,0.13424657534246576,150.0,put,0.16,0.0,0.0,0.500005,3.0,0.0
2026-09-18,0.13424657534246576,155.0,put,0.54,0.0,0.0,0.500005,5.0,0.0
2026-09-18,0.13424657534246576,160.0,put,0.01,0.0,0.0,0.500005,31.0,0.0
2026-09-18,0.13424657534246576,165.0,put,0.17,0.0,2.13,1.0473680444335938,3.0,33.0
2026-09-18,0.13424657534246576,170.0,put,0.01,0.0,0.0,0.500005,1.0,0.0
2026-09-18,0.13424657534246576,175.0,put,0.17,0.0,2.13,0.9721682470703125,2.0,104.0
2026-09-18,0.13424657534246576,180.0,put,0.27,0.0,2.13,0.9362799340820311,1.0,61.0
2026-09-18,0.13424657534246576,185.0,put,0.08,0.0,0.0,0.2500075,1.0,0.0
2026-09-18,0.13424657534246576,190.0,put,0.01,0.0,0.0,0.2500075,8.0,0.0
2026-09-18,0.13424657534246576,195.0,put,0.13,0.0,0.0,0.2500075,12.0,0.0
2026-09-18,0.13424657534246576,200.0,put,0.06,0.0,0.0,0.2500075,5.0,0.0
2026-09-18,0.13424657534246576,205.0,put,0.02,0.0,0.0,0.2500075,4.0,0.0
2026-09-18,0.13424657534246576,210.0,put,0.01,0.0,0.0,0.2500075,4.0,0.0
2026-09-18,0.13424657534246576,215.0,put,0.04,0.0,0.0,0.2500075,4.0,0.0
2026-09-18,0.13424657534246576,220.0,put,0.1,0.0,0.0,0.2500075,4.0,0.0
2026-09-18,0.13424657534246576,225.0,put,0.09,0.0,0.0,0.2500075,7.0,0.0
2026-09-18,0.13424657534246576,230.0,put,0.1,0.0,0.0,0.2500075,2.0,0.0
2026-09-18,0.13424657534246576,235.0,put,0.26,0.0,0.0,0.2500075,1.0,0.0
2026-09-18,0.13424657534246576,240.0,put,0.15,0.0,0.0,0.2500075,1.0,0.0
2026-09-18,0.13424657534246576,245.0,put,0.09,0.0,0.0,0.2500075,13.0,0.0
2026-09-18,0.13424657534246576,250.0,put,0.16,0.0,0.0,0.12500875,8.0,0.0
2026-09-18,0.13424657534246576,255.0,put,0.18,0.0,0.0,0.12500875,15.0,0.0
2026-09-18,0.13424657534246576,260.0,put,0.17,0.0,0.0,0.12500875,11.0,0.0
2026-09-18,0.13424657534246576,265.0,put,0.19,0.0,0.0,0.12500875,7.0,0.0
2026-09-18,0.13424657534246576,270.0,put,0.33,0.0,0.0,0.12500875,17.0,0.0
2026-09-18,0.13424657534246576,275.0,put,0.36,0.0,0.0,0.12500875,12.0,0.0
2026-09-18,0.13424657534246576,280.0,put,0.42,0.0,0.0,0.12500875,92.0,0.0
2026-09-18,0.13424657534246576,285.0,put,0.61,0.0,0.0,0.12500875,9.0,0.0
2026-09-18,0.13424657534246576,290.0,put,0.64,0.0,0.0,0.12500875,26.0,0.0
2026-09-18,0.13424657534246576,295.0,put,0.86,0.0,0.0,0.062509375,63.0,0.0
2026-09-18,0.13424657534246576,300.0,put,1.2,0.0,0.0,0.062509375,74.0,0.0
2026-09-18,0.13424657534246576,305.0,put,1.47,0.0,0.0,0.062509375,43.0,0.0
2026-09-18,0.13424657534246576,310.0,put,1.93,0.0,0.0,0.062509375,65.0,0.0
2026-09-18,0.13424657534246576,315.0,put,2.23,0.0,0.0,0.062509375,52.0,0.0
2026-09-18,0.13424657534246576,320.0,put,3.34,0.0,0.0,0.0312596875,466.0,0.0
2026-09-18,0.13424657534246576,325.0,put,4.2,0.0,0.0,0.0312596875,407.0,0.0
2026-09-18,0.13424657534246576,330.0,put,5.5,0.0,0.0,0.0312596875,277.0,0.0
2026-09-18,0.13424657534246576,335.0,put,6.57,0.0,0.0,0.015634843750000002,618.0,0.0
2026-09-18,0.13424657534246576,340.0,put,8.75,0.0,0.0,0.007822421875,1200.0,0.0
2026-09-18,0.13424657534246576,345.0,put,10.5,0.0,0.0,1.0000000000000003e-05,420.0,0.0
2026-09-18,0.13424657534246576,350.0,put,13.3,0.0,0.0,1.0000000000000003e-05,513.0,0.0
2026-09-18,0.13424657534246576,355.0,put,15.75,0.0,0.0,1.0000000000000003e-05,73.0,0.0
2026-09-18,0.13424657534246576,360.0,put,16.34,0.0,0.0,1.0000000000000003e-05,11.0,0.0
2026-09-18,0.13424657534246576,365.0,put,20.55,0.0,0.0,1.0000000000000003e-05,3.0,0.0
2026-09-18,0.13424657534246576,370.0,put,23.7,0.0,0.0,1.0000000000000003e-05,10.0,0.0
2026-09-18,0.13424657534246576,375.0,put,22.05,0.0,0.0,1.0000000000000003e-05,2.0,0.0
2026-09-18,0.13424657534246576,380.0,put,28.2,0.0,0.0,1.0000000000000003e-05,2.0,0.0
2026-09-18,0.13424657534246576,385.0,put,78.09,85.1,89.25,1.2070962496948239,,0.0
2026-09-18,0.13424657534246576,390.0,put,66.67,78.45,81.1,0.9953613745117188,1.0,0.0
2026-09-18,0.13424657534246576,400.0,put,60.07,0.0,0.0,1.0000000000000003e-05,1.0,0.0
2026-09-18,0.13424657534246576,410.0,put,60.45,0.0,0.0,1.0000000000000003e-05,1.0,0.0
2026-09-18,0.13424657534246576,430.0,put,116.86,81.2,85.15,1.0000000000000003e-05,2.0,0.0
2026-09-18,0.13424657534246576,435.0,put,121.84,86.25,90.1,1.0000000000000003e-05,2.0,0.0
2026-09-18,0.13424657534246576,440.0,put,126.78,91.25,95.1,1.0000000000000003e-05,2.0,0.0
2026-09-18,0.13424657534246576,475.0,put,142.75,123.8,127.3,1.0000000000000003e-05,2.0,0.0
2026-10-16,0.21095890410958903,195.0,call,146.3,0.0,0.0,1.0000000000000003e-05,2.0,0.0
2026-10-16,0.21095890410958903,200.0,call,141.36,0.0,0.0,1.0000000000000003e-05,2.0,0.0
2026-10-16,0.21095890410958903,205.0,call,136.12,0.0,0.0,1.0000000000000003e-05,4.0,0.0
2026-10-16,0.21095890410958903,210.0,call,130.05,0.0,0.0,1.0000000000000003e-05,2.0,0.0
2026-10-16,0.21095890410958903,215.0,call,126.53,0.0,0.0,1.0000000000000003e-05,,0.0
2026-10-16,0.21095890410958903,220.0,call,81.89,0.0,0.0,1.0000000000000003e-05,1.0,0.0
2026-10-16,0.21095890410958903,230.0,call,112.05,0.0,0.0,1.0000000000000003e-05,6.0,0.0
2026-10-16,0.21095890410958903,235.0,call,104.35,0.0,0.0,1.0000000000000003e-05,,0.0
2026-10-16,0.21095890410958903,240.0,call,74.75,107.45,111.35,0.6428258374023439,,10.0
2026-10-16,0.21095890410958903,245.0,call,95.7,0.0,0.0,1.0000000000000003e-05,2.0,0.0
2026-10-16,0.21095890410958903,250.0,call,80.88,0.0,0.0,1.0000000000000003e-05,1.0,0.0
2026-10-16,0.21095890410958903,255.0,call,48.54,0.0,0.0,1.0000000000000003e-05,1.0,0.0
2026-10-16,0.21095890410958903,260.0,call,85.3,0.0,0.0,1.0000000000000003e-05,2.0,0.0
2026-10-16,0.21095890410958903,265.0,call,73.74,0.0,0.0,1.0000000000000003e-05,2.0,0.0
2026-10-16,0.21095890410958903,270.0,call,89.0,0.0,0.0,1.0000000000000003e-05,5.0,0.0
2026-10-16,0.21095890410958903,275.0,call,65.36,76.05,79.7,0.5510298803710938,3.0,4.0
2026-10-16,0.21095890410958903,280.0,call,71.45,0.0,0.0,1.0000000000000003e-05,5.0,0.0
2026-10-16,0.21095890410958903,285.0,call,65.54,0.0,0.0,1.0000000000000003e-05,2.0,0.0
2026-10-16,0.21095890410958903,290.0,call,66.23,0.0,0.0,1.0000000000000003e-05,1.0,0.0
2026-10-16,0.21095890410958903,295.0,call,59.8,0.0,0.0,1.0000000000000003e-05,2.0,0.0
2026-10-16,0.21095890410958903,300.0,call,58.55,0.0,0.0,1.0000000000000003e-05,2.0,0.0
2026-10-16,0.21095890410958903,305.0,call,50.2,0.0,0.0,1.0000000000000003e-05,5.0,0.0
2026-10-16,0.21095890410958903,310.0,call,45.07,0.0,0.0,1.0000000000000003e-05,6.0,0.0
2026-10-16,0.21095890410958903,315.0,call,44.6,0.0,0.0,1.0000000000000003e-05,10.0,0.0
2026-10-16,0.21095890410958903,320.0,call,43.29,0.0,0.0,1.0000000000000003e-05,1.0,0.0
2026-10-16,0.21095890410958903,325.0,call,28.64,0.0,0.0,1.0000000000000003e-05,16.0,0.0
2026-10-16,0.21095890410958903,330.0,call,29.1,0.0,0.0,1.0000000000000003e-05,65.0,0.0
2026-10-16,0.21095890410958903,335.0,call,28.75,0.0,0.0,1.0000000000000003e-05,50.0,0.0
2026-10-16,0.21095890410958903,340.0,call,18.63,0.0,0.0,1.0000000000000003e-05,24.0,0.0
2026-10-16,0.21095890410958903,345.0,call,17.45,0.0,0.0,0.0004982763671875,82.0,0.0
2026-10-16,0.21095890410958903,350.0,call,13.71,0.0,0.0,0.007822421875,195.0,0.0
2026-10-16,0.21095890410958903,355.0,call,11.4,0.0,0.0,0.015634843750000002,76.0,0.0
2026-10-16,0.21095890410958903,360.0,call,9.49,0.0,0.0,0.015634843750000002,83.0,0.0
2026-10-16,0.21095890410958903,365.0,call,7.75,0.0,0.0,0.0312596875,123.0,0.0
2026-10-16,0.21095890410958903,370.0,call,6.4,0.0,0.0,0.0312596875,94.0,0.0
2026-10-16,0.21095890410958903,375.0,call,4.65,0.0,0.0,0.0312596875,34.0,0.0
2026-10-16,0.21095890410958903,380.0,call,3.78,0.0,0.0,0.0312596875,55.0,0.0
2026-10-16,0.21095890410958903,385.0,call,3.55,0.0,0.0,0.062509375,31.0,0.0
2026-10-16,0.21095890410958903,390.0,call,2.46,0.0,0.0,0.062509375,4.0,0.0
2026-10-16,0.21095890410958903,395.0,call,2.02,0.0,0.0,0.062509375,14.0,0.0
2026-10-16,0.21095890410958903,400.0,call,1.76,0.0,0.0,0.062509375,2.0,0.0
2026-10-16,0.21095890410958903,405.0,call,1.44,0.0,0.0,0.062509375,8.0,0.0
2026-10-16,0.21095890410958903,410.0,call,0.93,0.0,0.0,0.062509375,26.0,0.0
2026-10-16,0.21095890410958903,420.0,call,1.12,0.0,0.0,0.062509375,25.0,0.0
2026-10-16,0.21095890410958903,430.0,call,0.66,0.0,0.0,0.12500875,2.0,0.0
2026-10-16,0.21095890410958903,195.0,put,0.13,0.0,0.0,0.2500075,1.0,0.0
2026-10-16,0.21095890410958903,200.0,put,0.05,0.0,0.0,0.2500075,8.0,0.0
2026-10-16,0.21095890410958903,205.0,put,0.1,0.0,0.0,0.2500075,1.0,0.0
2026-10-16,0.21095890410958903,210.0,put,0.15,0.0,0.0,0.2500075,1.0,0.0
2026-10-16,0.21095890410958903,215.0,put,1.44,0.0,0.62,0.5183153637695312,2.0,14.0
2026-10-16,0.21095890410958903,220.0,put,0.39,0.0,0.0,0.2500075,2.0,0.0
2026-10-16,0.21095890410958903,225.0,put,0.59,0.0,0.0,0.2500075,2.0,0.0
2026-10-16,0.21095890410958903,230.0,put,0.23,0.0,0.0,0.12500875,3.0,0.0
2026-10-16,0.21095890410958903,235.0,put,0.18,0.0,0.0,0.12500875,1.0,0.0
2026-10-16,0.21095890410958903,240.0,put,0.31,0.0,0.0,0.12500875,21.0,0.0
2026-10-16,0.21095890410958903,245.0,put,0.41,0.0,0.0,0.12500875,1.0,0.0
2026-10-16,0.21095890410958903,250.0,put,0.61,0.0,0.0,0.12500875,8.0,0.0
2026-10-16,0.21095890410958903,255.0,put,0.5,0.0,0.0,0.12500875,3.0,0.0
2026-10-16,0.21095890410958903,260.0,put,0.87,0.0,0.0,0.12500875,15.0,0.0
2026-10-16,0.21095890410958903,265.0,put,0.67,0.0,0.0,0.12500875,2.0,0.0
2026-10-16,0.21095890410958903,270.0,put,0.9,0.0,0.0,0.12500875,4.0,0.0
2026-10-16,0.21095890410958903,275.0,put,1.13,0.0,0.0,0.12500875,85.0,0.0
2026-10-16,0.21095890410958903,280.0,put,1.34,0.0,0.0,0.12500875,33.0,0.0
2026-10-16,0.21095890410958903,285.0,put,1.61,0.0,0.0,0.062509375,436.0,0.0
2026-10-16,0.21095890410958903,290.0,put,1.98,0.0,0.0,0.062509375,14.0,0.0
2026-10-16,0.21095890410958903,295.0,put,1.95,0.0,0.0,0.062509375,15.0,0.0
2026-10-16,0.21095890410958903,300.0,put,3.0,0.0,0.0,0.062509375,45.0,0.0
2026-10-16,0.21095890410958903,305.0,put,3.5,0.0,0.0,0.062509375,9.0,0.0
2026-10-16,0.21095890410958903,310.0,put,4.1,0.0,0.0,0.062509375,30.0,0.0
2026-10-16,0.21095890410958903,315.0,put,4.7,0.0,0.0,0.0312596875,10.0,0.0
2026-10-16,0.21095890410958903,320.0,put,6.0,0.0,0.0,0.0312596875,66.0,0.0
2026-10-16,0.21095890410958903,325.0,put,6.8,0.0,0.0,0.0312596875,4.0,0.0
2026-10-16,0.21095890410958903,330.0,put,9.15,0.0,0.0,0.015634843750000002,221.0,0.0
2026-10-16,0.21095890410958903,335.0,put,9.6,0.0,0.0,0.015634843750000002,220.0,0.0
2026-10-16,0.21095890410958903,340.0,put,12.4,0.0,0.0,0.007822421875,90.0,0.0
2026-10-16,0.21095890410958903,345.0,put,14.82,0.0,0.0,1.0000000000000003e-05,34.0,0.0
2026-10-16,0.21095890410958903,350.0,put,17.65,0.0,0.0,1.0000000000000003e-05,81.0,0.0
2026-10-16,0.21095890410958903,355.0,put,18.3,0.0,0.0,1.0000000000000003e-05,3.0,0.0
2026-10-16,0.21095890410958903,360.0,put,20.15,0.0,0.0,1.0000000000000003e-05,2.0,0.0
2026-10-16,0.21095890410958903,365.0,put,23.7,0.0,0.0,1.0000000000000003e-05,1.0,0.0
2026-10-16,0.21095890410958903,370.0,put,24.15,0.0,0.0,1.0000000000000003e-05,95.0,0.0
2026-10-16,0.21095890410958903,375.0,put,32.65,0.0,0.0,1.0000000000000003e-05,1.0,0.0
2026-10-16,0.21095890410958903,380.0,put,33.42,0.0,0.0,1.0000000000000003e-05,4.0,0.0
2026-10-16,0.21095890410958903,390.0,put,46.0,0.0,0.0,1.0000000000000003e-05,7.0,0.0
2026-10-16,0.21095890410958903,395.0,put,82.79,0.0,0.0,1.0000000000000003e-05,2.0,0.0
2026-10-16,0.21095890410958903,400.0,put,52.5,0.0,0.0,1.0000000000000003e-05,51.0,0.0
2026-10-16,0.21095890410958903,405.0,put,75.75,54.4,57.55,1.0000000000000003e-05,2.0,1.0
2026-10-16,0.21095890410958903,410.0,put,111.01,0.0,0.0,1.0000000000000003e-05,,0.0
2026-10-16,0.21095890410958903,420.0,put,69.58,0.0,0.0,1.0000000000000003e-05,3.0,0.0
